-- Generado por Oracle SQL Developer Data Modeler 20.4.1.406.0906
--   en:        2021-06-03 23:17:52 CLT
--   sitio:      Oracle Database 11g
--   tipo:      Oracle Database 11g
--------------------------------------------------------
--  DDL for Table RESERVA
--------------------------------------------------------

  CREATE TABLE "ATEMPORADA"."RESERVA" 
   (	"ID_RESERVA" NUMBER(*,0), 
	"DIAS_RESERVA" NUMBER(*,0), 
	"VALOR_FINAL" NUMBER(*,0), 
	"CHECKIN" TIMESTAMP (6), 
	"CHECKOUT" TIMESTAMP (6), 
	"TOTAL_MULTAS" NUMBER(*,0), 
	"FECHA_CONTRATO" TIMESTAMP (6), 
	"METODO_PAGO" VARCHAR2(30 BYTE), 
	"DEPARTAMENTO_ID_DEPARTAMENTO" NUMBER(*,0), 
	"ANTICIPO" NUMBER(*,0), 
	"ESTADODEPAGO" VARCHAR2(20 BYTE), 
	"ESTADO" VARCHAR2(30 BYTE)
   ) SEGMENT CREATION IMMEDIATE 
  PCTFREE 10 PCTUSED 40 INITRANS 1 MAXTRANS 255 
 NOCOMPRESS LOGGING
  STORAGE(INITIAL 65536 NEXT 1048576 MINEXTENTS 1 MAXEXTENTS 2147483645
  PCTINCREASE 0 FREELISTS 1 FREELIST GROUPS 1
  BUFFER_POOL DEFAULT FLASH_CACHE DEFAULT CELL_FLASH_CACHE DEFAULT)
  TABLESPACE "USERS" ;
--------------------------------------------------------
--  DDL for Table CARACTERISTICAS
--------------------------------------------------------

  CREATE TABLE "ATEMPORADA"."CARACTERISTICAS" 
   (	"ID_CARACTERISTICA" NUMBER(*,0), 
	"NOMBRE" VARCHAR2(50 BYTE), 
	"DESCRIPCION" VARCHAR2(1000 BYTE)
   ) SEGMENT CREATION IMMEDIATE 
  PCTFREE 10 PCTUSED 40 INITRANS 1 MAXTRANS 255 
 NOCOMPRESS LOGGING
  STORAGE(INITIAL 65536 NEXT 1048576 MINEXTENTS 1 MAXEXTENTS 2147483645
  PCTINCREASE 0 FREELISTS 1 FREELIST GROUPS 1
  BUFFER_POOL DEFAULT FLASH_CACHE DEFAULT CELL_FLASH_CACHE DEFAULT)
  TABLESPACE "USERS" ;
--------------------------------------------------------
--  DDL for Table CONDUCTOR
--------------------------------------------------------

  CREATE TABLE "ATEMPORADA"."CONDUCTOR" 
   (	"RUT" VARCHAR2(15 BYTE), 
	"NOMBRE" VARCHAR2(50 BYTE), 
	"APELLIDO" VARCHAR2(50 BYTE), 
	"DISPONIBLE" NUMBER(*,0), 
	"EMAIL" VARCHAR2(100 BYTE), 
	"NRO_CONTACTO" NUMBER(*,0)
   ) SEGMENT CREATION IMMEDIATE 
  PCTFREE 10 PCTUSED 40 INITRANS 1 MAXTRANS 255 
 NOCOMPRESS LOGGING
  STORAGE(INITIAL 65536 NEXT 1048576 MINEXTENTS 1 MAXEXTENTS 2147483645
  PCTINCREASE 0 FREELISTS 1 FREELIST GROUPS 1
  BUFFER_POOL DEFAULT FLASH_CACHE DEFAULT CELL_FLASH_CACHE DEFAULT)
  TABLESPACE "USERS" ;
--------------------------------------------------------
--  DDL for Table DEPARTAMENTO
--------------------------------------------------------

  CREATE TABLE "ATEMPORADA"."DEPARTAMENTO" 
   (	"ID_DEPARTAMENTO" NUMBER(*,0), 
	"DIRECCION" VARCHAR2(100 BYTE), 
	"METROS_CUADRADOS" NUMBER, 
	"VALOR_ARRIENDO_DIARIO" NUMBER(*,0), 
	"DISPONBILE" NUMBER(*,0), 
	"ZONA" VARCHAR2(50 BYTE), 
	"NRO_HABITACIONES" NUMBER(*,0), 
	"NRO_BANIOS" NUMBER(*,0)
   ) SEGMENT CREATION IMMEDIATE 
  PCTFREE 10 PCTUSED 40 INITRANS 1 MAXTRANS 255 
 NOCOMPRESS LOGGING
  STORAGE(INITIAL 65536 NEXT 1048576 MINEXTENTS 1 MAXEXTENTS 2147483645
  PCTINCREASE 0 FREELISTS 1 FREELIST GROUPS 1
  BUFFER_POOL DEFAULT FLASH_CACHE DEFAULT CELL_FLASH_CACHE DEFAULT)
  TABLESPACE "USERS" ;
--------------------------------------------------------
--  DDL for Table DETALLEMULTA
--------------------------------------------------------

  CREATE TABLE "ATEMPORADA"."DETALLEMULTA" 
   (	"ID_DMULTA" NUMBER(*,0), 
	"OBSERVACIONES" VARCHAR2(1000 BYTE), 
	"RESERVA_ID_RESERVA" NUMBER(*,0), 
	"MULTA_ID_MULTA" NUMBER(*,0), 
	"ESTADOMULTA" VARCHAR2(50 BYTE)
   ) SEGMENT CREATION IMMEDIATE 
  PCTFREE 10 PCTUSED 40 INITRANS 1 MAXTRANS 255 
 NOCOMPRESS LOGGING
  STORAGE(INITIAL 65536 NEXT 1048576 MINEXTENTS 1 MAXEXTENTS 2147483645
  PCTINCREASE 0 FREELISTS 1 FREELIST GROUPS 1
  BUFFER_POOL DEFAULT FLASH_CACHE DEFAULT CELL_FLASH_CACHE DEFAULT)
  TABLESPACE "USERS" ;
--------------------------------------------------------
--  DDL for Table DETALLESERVICIOS
--------------------------------------------------------

  CREATE TABLE "ATEMPORADA"."DETALLESERVICIOS" 
   (	"ID_DETSER" NUMBER(*,0), 
	"PRECIO" NUMBER(*,0), 
	"FECHA" TIMESTAMP (6), 
	"SERVICIOEXTRA_ID_SERVICIO" NUMBER(*,0), 
	"RESERVA_ID_RESERVA" NUMBER(*,0), 
	"TOUR_ID_TOUR" NUMBER(*,0), 
	"VIAJE_ID_VIAJE" NUMBER(*,0)
   ) SEGMENT CREATION IMMEDIATE 
  PCTFREE 10 PCTUSED 40 INITRANS 1 MAXTRANS 255 
 NOCOMPRESS LOGGING
  TABLESPACE "USERS" ;
--------------------------------------------------------
--  DDL for Table ENCARGADO
--------------------------------------------------------

  CREATE TABLE "ATEMPORADA"."ENCARGADO" 
   (	"RUT" VARCHAR2(15 BYTE), 
	"NRO_CONTACTO" NUMBER(*,0), 
	"NOMBRE" VARCHAR2(50 BYTE), 
	"APELLIDO" VARCHAR2(50 BYTE), 
	"EMAIL" VARCHAR2(60 BYTE)
   ) SEGMENT CREATION IMMEDIATE 
  PCTFREE 10 PCTUSED 40 INITRANS 1 MAXTRANS 255 
 NOCOMPRESS LOGGING
  STORAGE(INITIAL 65536 NEXT 1048576 MINEXTENTS 1 MAXEXTENTS 2147483645
  PCTINCREASE 0 FREELISTS 1 FREELIST GROUPS 1
  BUFFER_POOL DEFAULT FLASH_CACHE DEFAULT CELL_FLASH_CACHE DEFAULT)
  TABLESPACE "USERS" ;
--------------------------------------------------------
--  DDL for Table FOTO
--------------------------------------------------------

  CREATE TABLE "ATEMPORADA"."FOTO" 
   (	"ID_FOTO" NUMBER(*,0), 
	"DESCRIPCION" VARCHAR2(1000 BYTE), 
	"NOMBRE" VARCHAR2(50 BYTE), 
	"DEPARTAMENTO_ID_DEPARTAMENTO" NUMBER(*,0), 
	"IMAGEN" BLOB
   ) SEGMENT CREATION IMMEDIATE 
  PCTFREE 10 PCTUSED 40 INITRANS 1 MAXTRANS 255 
 NOCOMPRESS LOGGING
  STORAGE(INITIAL 65536 NEXT 1048576 MINEXTENTS 1 MAXEXTENTS 2147483645
  PCTINCREASE 0 FREELISTS 1 FREELIST GROUPS 1
  BUFFER_POOL DEFAULT FLASH_CACHE DEFAULT CELL_FLASH_CACHE DEFAULT)
  TABLESPACE "USERS" 
 LOB ("IMAGEN") STORE AS SECUREFILE (
  TABLESPACE "USERS" ENABLE STORAGE IN ROW CHUNK 8192
  NOCACHE LOGGING  NOCOMPRESS  KEEP_DUPLICATES 
  STORAGE(INITIAL 106496 NEXT 1048576 MINEXTENTS 1 MAXEXTENTS 2147483645
  PCTINCREASE 0
  BUFFER_POOL DEFAULT FLASH_CACHE DEFAULT CELL_FLASH_CACHE DEFAULT)) ;
--------------------------------------------------------
--  DDL for Table ACOMPANANTE
--------------------------------------------------------

  CREATE TABLE "ATEMPORADA"."ACOMPANANTE" 
   (	"CEDULA" VARCHAR2(15 BYTE), 
	"NOMBRE" VARCHAR2(50 BYTE), 
	"APELLIDO" VARCHAR2(50 BYTE), 
	"TELEFONO" NUMBER(*,0)
   ) SEGMENT CREATION IMMEDIATE 
  PCTFREE 10 PCTUSED 40 INITRANS 1 MAXTRANS 255 
 NOCOMPRESS LOGGING
  STORAGE(INITIAL 65536 NEXT 1048576 MINEXTENTS 1 MAXEXTENTS 2147483645
  PCTINCREASE 0 FREELISTS 1 FREELIST GROUPS 1
  BUFFER_POOL DEFAULT FLASH_CACHE DEFAULT CELL_FLASH_CACHE DEFAULT)
  TABLESPACE "USERS" ;
--------------------------------------------------------
--  DDL for Table INVENTARIO
--------------------------------------------------------

  CREATE TABLE "ATEMPORADA"."INVENTARIO" 
   (	"FECHA_ASIGNACION" TIMESTAMP (6), 
	"FECHA_ULTIMA_MODIFICACION" TIMESTAMP (6), 
	"CANTIDAD" NUMBER(*,0), 
	"ITEMS_ID_ITEM" NUMBER(*,0), 
	"DEPARTAMENTO_ID_DEPARTAMENTO" NUMBER(*,0), 
	"VALOR_TOTAL" NUMBER(*,0)
   ) SEGMENT CREATION IMMEDIATE 
  PCTFREE 10 PCTUSED 40 INITRANS 1 MAXTRANS 255 
 NOCOMPRESS LOGGING
  STORAGE(INITIAL 65536 NEXT 1048576 MINEXTENTS 1 MAXEXTENTS 2147483645
  PCTINCREASE 0 FREELISTS 1 FREELIST GROUPS 1
  BUFFER_POOL DEFAULT FLASH_CACHE DEFAULT CELL_FLASH_CACHE DEFAULT)
  TABLESPACE "USERS" ;
--------------------------------------------------------
--  DDL for Table INVOLUCRADOS
--------------------------------------------------------

  CREATE TABLE "ATEMPORADA"."INVOLUCRADOS" 
   (	"USUARIO_EMAIL" VARCHAR2(60 BYTE), 
	"RESERVA_ID_RESERVA" NUMBER(*,0)
   ) SEGMENT CREATION IMMEDIATE 
  PCTFREE 10 PCTUSED 40 INITRANS 1 MAXTRANS 255 
 NOCOMPRESS LOGGING
  STORAGE(INITIAL 65536 NEXT 1048576 MINEXTENTS 1 MAXEXTENTS 2147483645
  PCTINCREASE 0 FREELISTS 1 FREELIST GROUPS 1
  BUFFER_POOL DEFAULT FLASH_CACHE DEFAULT CELL_FLASH_CACHE DEFAULT)
  TABLESPACE "USERS" ;
--------------------------------------------------------
--  DDL for Table ITEMS
--------------------------------------------------------

  CREATE TABLE "ATEMPORADA"."ITEMS" 
   (	"ID_ITEM" NUMBER(*,0), 
	"NOMBRE" VARCHAR2(50 BYTE), 
	"VALOR" NUMBER(*,0)
   ) SEGMENT CREATION IMMEDIATE 
  PCTFREE 10 PCTUSED 40 INITRANS 1 MAXTRANS 255 
 NOCOMPRESS LOGGING
  STORAGE(INITIAL 65536 NEXT 1048576 MINEXTENTS 1 MAXEXTENTS 2147483645
  PCTINCREASE 0 FREELISTS 1 FREELIST GROUPS 1
  BUFFER_POOL DEFAULT FLASH_CACHE DEFAULT CELL_FLASH_CACHE DEFAULT)
  TABLESPACE "USERS" ;
--------------------------------------------------------
--  DDL for Table LISTACARACTERISTICAS
--------------------------------------------------------

  CREATE TABLE "ATEMPORADA"."LISTACARACTERISTICAS" 
   (	"DEPARTAMENTO_ID_DEPARTAMENTO" NUMBER(*,0), 
	"CARACTERISTICAS_ID_CARACT" NUMBER(*,0)
   ) SEGMENT CREATION IMMEDIATE 
  PCTFREE 10 PCTUSED 40 INITRANS 1 MAXTRANS 255 
 NOCOMPRESS LOGGING
  STORAGE(INITIAL 65536 NEXT 1048576 MINEXTENTS 1 MAXEXTENTS 2147483645
  PCTINCREASE 0 FREELISTS 1 FREELIST GROUPS 1
  BUFFER_POOL DEFAULT FLASH_CACHE DEFAULT CELL_FLASH_CACHE DEFAULT)
  TABLESPACE "USERS" ;
--------------------------------------------------------
--  DDL for Table LISTAACOMPANANTE
--------------------------------------------------------

  CREATE TABLE "ATEMPORADA"."LISTAACOMP" 
   (	"ACOMPANANTE_CEDULA" VARCHAR2(15 BYTE), 
	"RESERVA_ID_RESERVA" NUMBER(*,0)
   ) SEGMENT CREATION IMMEDIATE 
  PCTFREE 10 PCTUSED 40 INITRANS 1 MAXTRANS 255 
 NOCOMPRESS LOGGING
  STORAGE(INITIAL 65536 NEXT 1048576 MINEXTENTS 1 MAXEXTENTS 2147483645
  PCTINCREASE 0 FREELISTS 1 FREELIST GROUPS 1
  BUFFER_POOL DEFAULT FLASH_CACHE DEFAULT CELL_FLASH_CACHE DEFAULT)
  TABLESPACE "USERS" ;

--------------------------------------------------------
--  DDL for Table MANTENCION
--------------------------------------------------------

  CREATE TABLE "ATEMPORADA"."MANTENCION" 
   (	"ID_MANTENCION" NUMBER(*,0), 
	"VALOR_TOTAL" NUMBER(*,0), 
	"DESCRIPCION" VARCHAR2(1000 BYTE), 
	"FECHA_INICIO" TIMESTAMP (6), 
	"FECHA_TERMINO" TIMESTAMP (6), 
	"MOTIVO" VARCHAR2(50 BYTE), 
	"TIPO_MANTENCION" VARCHAR2(30 BYTE), 
	"ENCARGADO_RUT" VARCHAR2(15 BYTE), 
	"DEPARTAMENTO_ID_DEPARTAMENTO" NUMBER(*,0), 
	"ESTADO" VARCHAR2(30 BYTE)
   ) SEGMENT CREATION IMMEDIATE 
  PCTFREE 10 PCTUSED 40 INITRANS 1 MAXTRANS 255 
 NOCOMPRESS LOGGING
  STORAGE(INITIAL 65536 NEXT 1048576 MINEXTENTS 1 MAXEXTENTS 2147483645
  PCTINCREASE 0 FREELISTS 1 FREELIST GROUPS 1
  BUFFER_POOL DEFAULT FLASH_CACHE DEFAULT CELL_FLASH_CACHE DEFAULT)
  TABLESPACE "USERS" ;
--------------------------------------------------------
--  DDL for Table MULTA
--------------------------------------------------------

  CREATE TABLE "ATEMPORADA"."MULTA" 
   (	"ID_MULTA" NUMBER(*,0), 
	"NOMBRE" VARCHAR2(50 BYTE), 
	"DESCRIPCION" VARCHAR2(1000 BYTE), 
	"VALOR" NUMBER(*,0), 
	"ESTADO_MULTA" VARCHAR2(20 BYTE)
   ) SEGMENT CREATION IMMEDIATE 
  PCTFREE 10 PCTUSED 40 INITRANS 1 MAXTRANS 255 
 NOCOMPRESS LOGGING
  STORAGE(INITIAL 65536 NEXT 1048576 MINEXTENTS 1 MAXEXTENTS 2147483645
  PCTINCREASE 0 FREELISTS 1 FREELIST GROUPS 1
  BUFFER_POOL DEFAULT FLASH_CACHE DEFAULT CELL_FLASH_CACHE DEFAULT)
  TABLESPACE "USERS" ;
--------------------------------------------------------
--  DDL for Table REGISTROINVENTARIO
--------------------------------------------------------

  CREATE TABLE "ATEMPORADA"."REGISTROINVENTARIO" 
   (	"FECHA_ASIGNACION" TIMESTAMP (6), 
	"FECHA_ULTIMA_MODIFICACION" TIMESTAMP (6), 
	"ITEMS_ID_ITEM" NUMBER(*,0), 
	"CANTIDAD" NUMBER(*,0), 
	"DEPARTAMENTO_ID_DEPARTAMENTO" NUMBER(*,0), 
	"VALOR_TOTAL" NUMBER
   ) SEGMENT CREATION IMMEDIATE 
  PCTFREE 10 PCTUSED 40 INITRANS 1 MAXTRANS 255 
 NOCOMPRESS LOGGING
  STORAGE(INITIAL 65536 NEXT 1048576 MINEXTENTS 1 MAXEXTENTS 2147483645
  PCTINCREASE 0 FREELISTS 1 FREELIST GROUPS 1
  BUFFER_POOL DEFAULT FLASH_CACHE DEFAULT CELL_FLASH_CACHE DEFAULT)
  TABLESPACE "USERS" ;
--------------------------------------------------------
--  DDL for Table REVISION
--------------------------------------------------------

  CREATE TABLE "ATEMPORADA"."REVISION" 
   (	"ESTADO" VARCHAR2(30 BYTE), 
	"OBSERVACIONES" VARCHAR2(500 BYTE), 
	"INVENTARIO_ITEMS_ID_ITEM" NUMBER(*,0), 
	"INVENTARIO_DEPTO_ID_DEPTO" NUMBER(*,0), 
	"RESERVA_ID_RESERVA" NUMBER(*,0)
   ) SEGMENT CREATION IMMEDIATE 
  PCTFREE 10 PCTUSED 40 INITRANS 1 MAXTRANS 255 
 NOCOMPRESS LOGGING
  STORAGE(INITIAL 65536 NEXT 1048576 MINEXTENTS 1 MAXEXTENTS 2147483645
  PCTINCREASE 0 FREELISTS 1 FREELIST GROUPS 1
  BUFFER_POOL DEFAULT FLASH_CACHE DEFAULT CELL_FLASH_CACHE DEFAULT)
  TABLESPACE "USERS" ;
--------------------------------------------------------
--  DDL for Table SERVICIOEXTRA
--------------------------------------------------------

  CREATE TABLE "ATEMPORADA"."SERVICIOEXTRA" 
   (	"ID_SERVICIO" NUMBER(*,0), 
	"NOMBRE_SERVICIO" VARCHAR2(50 BYTE), 
	"VALOR_SERVICIO" NUMBER(*,0), 
	"DESCRIPCION" VARCHAR2(1000 BYTE), 
	"DISPONIBLE" NUMBER(*,0)
   ) SEGMENT CREATION IMMEDIATE 
  PCTFREE 10 PCTUSED 40 INITRANS 1 MAXTRANS 255 
 NOCOMPRESS LOGGING
  TABLESPACE "USERS" ;
--------------------------------------------------------
--  DDL for Table TOUR
--------------------------------------------------------

  CREATE TABLE "ATEMPORADA"."TOUR" 
   (	"ID_TOUR" NUMBER(*,0), 
	"INICIO" TIMESTAMP (6), 
	"TERMINO" TIMESTAMP (6), 
	"ORIGEN" VARCHAR2(50 BYTE), 
	"DESTINO" VARCHAR2(50 BYTE), 
	"RUT_CONDUCTOR" VARCHAR2(15 BYTE), 
	"PATENTE_VEHICULO" VARCHAR2(10 BYTE), 
	"NROPARTICIPANTES" NUMBER(*,0), 
	"VALOR" NUMBER(*,0), 
	"DISPONIBLE" NUMBER(*,0)
   ) SEGMENT CREATION IMMEDIATE  
  PCTFREE 10 PCTUSED 40 INITRANS 1 MAXTRANS 255 
 NOCOMPRESS LOGGING
  TABLESPACE "USERS" ;
--------------------------------------------------------
--  DDL for Table USUARIO
--------------------------------------------------------

  CREATE TABLE "ATEMPORADA"."USUARIO" 
   (	"EMAIL" VARCHAR2(60 BYTE), 
	"CEDULA" VARCHAR2(15 BYTE), 
	"NOMBRE" VARCHAR2(50 BYTE), 
	"APELLIDO" VARCHAR2(50 BYTE), 
	"TELEFONO" NUMBER(*,0), 
	"ESTADO" VARCHAR2(15 BYTE), 
	"PASSWORD" VARCHAR2(20 BYTE), 
	"TIPO" VARCHAR2(30 BYTE)
   ) SEGMENT CREATION IMMEDIATE 
  PCTFREE 10 PCTUSED 40 INITRANS 1 MAXTRANS 255 
 NOCOMPRESS LOGGING
  STORAGE(INITIAL 65536 NEXT 1048576 MINEXTENTS 1 MAXEXTENTS 2147483645
  PCTINCREASE 0 FREELISTS 1 FREELIST GROUPS 1
  BUFFER_POOL DEFAULT FLASH_CACHE DEFAULT CELL_FLASH_CACHE DEFAULT)
  TABLESPACE "USERS" ;
--------------------------------------------------------
--  DDL for Table VEHICULO
--------------------------------------------------------

  CREATE TABLE "ATEMPORADA"."VEHICULO" 
   (	"PATENTE" VARCHAR2(10 BYTE), 
	"MODELO" VARCHAR2(30 BYTE), 
	"AÑO" NUMBER(*,0), 
	"COLOR" VARCHAR2(30 BYTE), 
	"DISPONIBLE" NUMBER(*,0)
   ) SEGMENT CREATION IMMEDIATE 
  PCTFREE 10 PCTUSED 40 INITRANS 1 MAXTRANS 255 
 NOCOMPRESS LOGGING
  STORAGE(INITIAL 65536 NEXT 1048576 MINEXTENTS 1 MAXEXTENTS 2147483645
  PCTINCREASE 0 FREELISTS 1 FREELIST GROUPS 1
  BUFFER_POOL DEFAULT FLASH_CACHE DEFAULT CELL_FLASH_CACHE DEFAULT)
  TABLESPACE "USERS" ;
--------------------------------------------------------
--  DDL for Table VIAJE
--------------------------------------------------------

  CREATE TABLE "ATEMPORADA"."VIAJE" 
   (	"ID_VIAJE" NUMBER(*,0), 
	"ORIGEN" VARCHAR2(50 BYTE), 
	"DESTINO" VARCHAR2(50 BYTE), 
	"COMIENZO" TIMESTAMP (6), 
	"PRECIO" NUMBER(*,0), 
	"CONDUCTOR_RUT" VARCHAR2(15 BYTE), 
	"VEHICULO_PATENTE" VARCHAR2(10 BYTE)
   ) SEGMENT CREATION IMMEDIATE 
  PCTFREE 10 PCTUSED 40 INITRANS 1 MAXTRANS 255 
 NOCOMPRESS LOGGING
  TABLESPACE "USERS" ;

--------------------------------------------------------
--  DDL for Index RESERVA_PK
--------------------------------------------------------

  CREATE UNIQUE INDEX "ATEMPORADA"."RESERVA_PK" ON "ATEMPORADA"."RESERVA" ("ID_RESERVA") 
  PCTFREE 10 INITRANS 2 MAXTRANS 255 COMPUTE STATISTICS 
  STORAGE(INITIAL 65536 NEXT 1048576 MINEXTENTS 1 MAXEXTENTS 2147483645
  PCTINCREASE 0 FREELISTS 1 FREELIST GROUPS 1
  BUFFER_POOL DEFAULT FLASH_CACHE DEFAULT CELL_FLASH_CACHE DEFAULT)
  TABLESPACE "USERS" ;
--------------------------------------------------------
--  DDL for Index CARACTERISTICAS_PK
--------------------------------------------------------

  CREATE UNIQUE INDEX "ATEMPORADA"."CARACTERISTICAS_PK" ON "ATEMPORADA"."CARACTERISTICAS" ("ID_CARACTERISTICA") 
  PCTFREE 10 INITRANS 2 MAXTRANS 255 COMPUTE STATISTICS 
  STORAGE(INITIAL 65536 NEXT 1048576 MINEXTENTS 1 MAXEXTENTS 2147483645
  PCTINCREASE 0 FREELISTS 1 FREELIST GROUPS 1
  BUFFER_POOL DEFAULT FLASH_CACHE DEFAULT CELL_FLASH_CACHE DEFAULT)
  TABLESPACE "USERS" ;
--------------------------------------------------------
--  DDL for Index CONDUCTOR_PK
--------------------------------------------------------

  CREATE UNIQUE INDEX "ATEMPORADA"."CONDUCTOR_PK" ON "ATEMPORADA"."CONDUCTOR" ("RUT") 
  PCTFREE 10 INITRANS 2 MAXTRANS 255 COMPUTE STATISTICS 
  STORAGE(INITIAL 65536 NEXT 1048576 MINEXTENTS 1 MAXEXTENTS 2147483645
  PCTINCREASE 0 FREELISTS 1 FREELIST GROUPS 1
  BUFFER_POOL DEFAULT FLASH_CACHE DEFAULT CELL_FLASH_CACHE DEFAULT)
  TABLESPACE "USERS" ;
--------------------------------------------------------
--  DDL for Index DEPARTAMENTO_PK
--------------------------------------------------------

  CREATE UNIQUE INDEX "ATEMPORADA"."DEPARTAMENTO_PK" ON "ATEMPORADA"."DEPARTAMENTO" ("ID_DEPARTAMENTO") 
  PCTFREE 10 INITRANS 2 MAXTRANS 255 COMPUTE STATISTICS 
  STORAGE(INITIAL 65536 NEXT 1048576 MINEXTENTS 1 MAXEXTENTS 2147483645
  PCTINCREASE 0 FREELISTS 1 FREELIST GROUPS 1
  BUFFER_POOL DEFAULT FLASH_CACHE DEFAULT CELL_FLASH_CACHE DEFAULT)
  TABLESPACE "USERS" ;
--------------------------------------------------------
--  DDL for Index DETALLEMULTA_PK
--------------------------------------------------------

  CREATE UNIQUE INDEX "ATEMPORADA"."DETALLEMULTA_PK" ON "ATEMPORADA"."DETALLEMULTA" ("ID_DMULTA") 
  PCTFREE 10 INITRANS 2 MAXTRANS 255 COMPUTE STATISTICS 
  STORAGE(INITIAL 65536 NEXT 1048576 MINEXTENTS 1 MAXEXTENTS 2147483645
  PCTINCREASE 0 FREELISTS 1 FREELIST GROUPS 1
  BUFFER_POOL DEFAULT FLASH_CACHE DEFAULT CELL_FLASH_CACHE DEFAULT)
  TABLESPACE "USERS" ;
--------------------------------------------------------
--  DDL for Index DETALLESERVICIOS_PK
--------------------------------------------------------

  CREATE UNIQUE INDEX "ATEMPORADA"."DETALLESERVICIOS_PK" ON "ATEMPORADA"."DETALLESERVICIOS" ("RESERVA_ID_RESERVA", "ID_DETSER") 
  PCTFREE 10 INITRANS 2 MAXTRANS 255 COMPUTE STATISTICS 
  TABLESPACE "USERS" ;
--------------------------------------------------------
--  DDL for Index ENCARGADO_PK
--------------------------------------------------------

  CREATE UNIQUE INDEX "ATEMPORADA"."ENCARGADO_PK" ON "ATEMPORADA"."ENCARGADO" ("RUT") 
  PCTFREE 10 INITRANS 2 MAXTRANS 255 COMPUTE STATISTICS 
  STORAGE(INITIAL 65536 NEXT 1048576 MINEXTENTS 1 MAXEXTENTS 2147483645
  PCTINCREASE 0 FREELISTS 1 FREELIST GROUPS 1
  BUFFER_POOL DEFAULT FLASH_CACHE DEFAULT CELL_FLASH_CACHE DEFAULT)
  TABLESPACE "USERS" ;
--------------------------------------------------------
--  DDL for Index FOTO_PK
--------------------------------------------------------

  CREATE UNIQUE INDEX "ATEMPORADA"."FOTO_PK" ON "ATEMPORADA"."FOTO" ("ID_FOTO", "DEPARTAMENTO_ID_DEPARTAMENTO") 
  PCTFREE 10 INITRANS 2 MAXTRANS 255 COMPUTE STATISTICS 
  STORAGE(INITIAL 65536 NEXT 1048576 MINEXTENTS 1 MAXEXTENTS 2147483645
  PCTINCREASE 0 FREELISTS 1 FREELIST GROUPS 1
  BUFFER_POOL DEFAULT FLASH_CACHE DEFAULT CELL_FLASH_CACHE DEFAULT)
  TABLESPACE "USERS" ;
--------------------------------------------------------
--  DDL for Index ACOMPANANTE_PK
--------------------------------------------------------

  CREATE UNIQUE INDEX "ATEMPORADA"."ACOMPANANTE_PK" ON "ATEMPORADA"."ACOMPANANTE" ("CEDULA") 
  PCTFREE 10 INITRANS 2 MAXTRANS 255 COMPUTE STATISTICS 
  STORAGE(INITIAL 65536 NEXT 1048576 MINEXTENTS 1 MAXEXTENTS 2147483645
  PCTINCREASE 0 FREELISTS 1 FREELIST GROUPS 1
  BUFFER_POOL DEFAULT FLASH_CACHE DEFAULT CELL_FLASH_CACHE DEFAULT)
  TABLESPACE "USERS" ;
--------------------------------------------------------
--  DDL for Index INVENTARIO_PK
--------------------------------------------------------

  CREATE UNIQUE INDEX "ATEMPORADA"."INVENTARIO_PK" ON "ATEMPORADA"."INVENTARIO" ("ITEMS_ID_ITEM", "DEPARTAMENTO_ID_DEPARTAMENTO") 
  PCTFREE 10 INITRANS 2 MAXTRANS 255 COMPUTE STATISTICS 
  STORAGE(INITIAL 65536 NEXT 1048576 MINEXTENTS 1 MAXEXTENTS 2147483645
  PCTINCREASE 0 FREELISTS 1 FREELIST GROUPS 1
  BUFFER_POOL DEFAULT FLASH_CACHE DEFAULT CELL_FLASH_CACHE DEFAULT)
  TABLESPACE "USERS" ;
--------------------------------------------------------
--  DDL for Index INVOLUCRADOS_PK
--------------------------------------------------------

  CREATE UNIQUE INDEX "ATEMPORADA"."INVOLUCRADOS_PK" ON "ATEMPORADA"."INVOLUCRADOS" ("USUARIO_EMAIL", "RESERVA_ID_RESERVA") 
  PCTFREE 10 INITRANS 2 MAXTRANS 255 COMPUTE STATISTICS 
  STORAGE(INITIAL 65536 NEXT 1048576 MINEXTENTS 1 MAXEXTENTS 2147483645
  PCTINCREASE 0 FREELISTS 1 FREELIST GROUPS 1
  BUFFER_POOL DEFAULT FLASH_CACHE DEFAULT CELL_FLASH_CACHE DEFAULT)
  TABLESPACE "USERS" ;
--------------------------------------------------------
--  DDL for Index ITEMS_PK
--------------------------------------------------------

  CREATE UNIQUE INDEX "ATEMPORADA"."ITEMS_PK" ON "ATEMPORADA"."ITEMS" ("ID_ITEM") 
  PCTFREE 10 INITRANS 2 MAXTRANS 255 COMPUTE STATISTICS 
  STORAGE(INITIAL 65536 NEXT 1048576 MINEXTENTS 1 MAXEXTENTS 2147483645
  PCTINCREASE 0 FREELISTS 1 FREELIST GROUPS 1
  BUFFER_POOL DEFAULT FLASH_CACHE DEFAULT CELL_FLASH_CACHE DEFAULT)
  TABLESPACE "USERS" ;
--------------------------------------------------------
--  DDL for Index LISTACARACTERISTICAS_PK
--------------------------------------------------------

  CREATE UNIQUE INDEX "ATEMPORADA"."LISTACARACTERISTICAS_PK" ON "ATEMPORADA"."LISTACARACTERISTICAS" ("DEPARTAMENTO_ID_DEPARTAMENTO", "CARACTERISTICAS_ID_CARACT") 
  PCTFREE 10 INITRANS 2 MAXTRANS 255 COMPUTE STATISTICS 
  STORAGE(INITIAL 65536 NEXT 1048576 MINEXTENTS 1 MAXEXTENTS 2147483645
  PCTINCREASE 0 FREELISTS 1 FREELIST GROUPS 1
  BUFFER_POOL DEFAULT FLASH_CACHE DEFAULT CELL_FLASH_CACHE DEFAULT)
  TABLESPACE "USERS" ;
--------------------------------------------------------
--  DDL for Index LISTAACOMPANANTE_PK
--------------------------------------------------------

  CREATE UNIQUE INDEX "ATEMPORADA"."LISTAACOMP_PK" ON "ATEMPORADA"."LISTAACOMP" ("ACOMPANANTE_CEDULA", "RESERVA_ID_RESERVA") 
  PCTFREE 10 INITRANS 2 MAXTRANS 255 COMPUTE STATISTICS 
  STORAGE(INITIAL 65536 NEXT 1048576 MINEXTENTS 1 MAXEXTENTS 2147483645
  PCTINCREASE 0 FREELISTS 1 FREELIST GROUPS 1
  BUFFER_POOL DEFAULT FLASH_CACHE DEFAULT CELL_FLASH_CACHE DEFAULT)
  TABLESPACE "USERS" ;
--------------------------------------------------------
--  DDL for Index MANTENCION_PK
--------------------------------------------------------

  CREATE UNIQUE INDEX "ATEMPORADA"."MANTENCION_PK" ON "ATEMPORADA"."MANTENCION" ("ID_MANTENCION", "ENCARGADO_RUT", "DEPARTAMENTO_ID_DEPARTAMENTO") 
  PCTFREE 10 INITRANS 2 MAXTRANS 255 COMPUTE STATISTICS 
  STORAGE(INITIAL 65536 NEXT 1048576 MINEXTENTS 1 MAXEXTENTS 2147483645
  PCTINCREASE 0 FREELISTS 1 FREELIST GROUPS 1
  BUFFER_POOL DEFAULT FLASH_CACHE DEFAULT CELL_FLASH_CACHE DEFAULT)
  TABLESPACE "USERS" ;
--------------------------------------------------------
--  DDL for Index MULTA_PK
--------------------------------------------------------

  CREATE UNIQUE INDEX "ATEMPORADA"."MULTA_PK" ON "ATEMPORADA"."MULTA" ("ID_MULTA") 
  PCTFREE 10 INITRANS 2 MAXTRANS 255 COMPUTE STATISTICS 
  STORAGE(INITIAL 65536 NEXT 1048576 MINEXTENTS 1 MAXEXTENTS 2147483645
  PCTINCREASE 0 FREELISTS 1 FREELIST GROUPS 1
  BUFFER_POOL DEFAULT FLASH_CACHE DEFAULT CELL_FLASH_CACHE DEFAULT)
  TABLESPACE "USERS" ;
--------------------------------------------------------
--  DDL for Index REVISION_PK
--------------------------------------------------------

  CREATE UNIQUE INDEX "ATEMPORADA"."REVISION_PK" ON "ATEMPORADA"."REVISION" ("INVENTARIO_ITEMS_ID_ITEM", "INVENTARIO_DEPTO_ID_DEPTO", "RESERVA_ID_RESERVA") 
  PCTFREE 10 INITRANS 2 MAXTRANS 255 COMPUTE STATISTICS 
  STORAGE(INITIAL 65536 NEXT 1048576 MINEXTENTS 1 MAXEXTENTS 2147483645
  PCTINCREASE 0 FREELISTS 1 FREELIST GROUPS 1
  BUFFER_POOL DEFAULT FLASH_CACHE DEFAULT CELL_FLASH_CACHE DEFAULT)
  TABLESPACE "USERS" ;
--------------------------------------------------------
--  DDL for Index SERVICIOEXTRA_PK
--------------------------------------------------------

  CREATE UNIQUE INDEX "ATEMPORADA"."SERVICIOEXTRA_PK" ON "ATEMPORADA"."SERVICIOEXTRA" ("ID_SERVICIO") 
  PCTFREE 10 INITRANS 2 MAXTRANS 255 COMPUTE STATISTICS 
  TABLESPACE "USERS" ;
--------------------------------------------------------
--  DDL for Index TOUR_PK
--------------------------------------------------------

  CREATE UNIQUE INDEX "ATEMPORADA"."TOUR_PK" ON "ATEMPORADA"."TOUR" ("ID_TOUR") 
  PCTFREE 10 INITRANS 2 MAXTRANS 255 COMPUTE STATISTICS 
  TABLESPACE "USERS" ;
--------------------------------------------------------
--  DDL for Index USUARIO_PK
--------------------------------------------------------

  CREATE UNIQUE INDEX "ATEMPORADA"."USUARIO_PK" ON "ATEMPORADA"."USUARIO" ("EMAIL") 
  PCTFREE 10 INITRANS 2 MAXTRANS 255 COMPUTE STATISTICS 
  STORAGE(INITIAL 65536 NEXT 1048576 MINEXTENTS 1 MAXEXTENTS 2147483645
  PCTINCREASE 0 FREELISTS 1 FREELIST GROUPS 1
  BUFFER_POOL DEFAULT FLASH_CACHE DEFAULT CELL_FLASH_CACHE DEFAULT)
  TABLESPACE "USERS" ;
--------------------------------------------------------
--  DDL for Index VEHICULO_PK
--------------------------------------------------------

  CREATE UNIQUE INDEX "ATEMPORADA"."VEHICULO_PK" ON "ATEMPORADA"."VEHICULO" ("PATENTE") 
  PCTFREE 10 INITRANS 2 MAXTRANS 255 COMPUTE STATISTICS 
  STORAGE(INITIAL 65536 NEXT 1048576 MINEXTENTS 1 MAXEXTENTS 2147483645
  PCTINCREASE 0 FREELISTS 1 FREELIST GROUPS 1
  BUFFER_POOL DEFAULT FLASH_CACHE DEFAULT CELL_FLASH_CACHE DEFAULT)
  TABLESPACE "USERS" ;
--------------------------------------------------------
--  DDL for Index VIAJE_PK
--------------------------------------------------------

  CREATE UNIQUE INDEX "ATEMPORADA"."VIAJE_PK" ON "ATEMPORADA"."VIAJE" ("ID_VIAJE") 
  PCTFREE 10 INITRANS 2 MAXTRANS 255 COMPUTE STATISTICS 
  TABLESPACE "USERS" ;
--------------------------------------------------------
--  Constraints for Table CARACTERISTICAS
--------------------------------------------------------

  ALTER TABLE "ATEMPORADA"."CARACTERISTICAS" MODIFY ("ID_CARACTERISTICA" NOT NULL ENABLE);
  ALTER TABLE "ATEMPORADA"."CARACTERISTICAS" MODIFY ("NOMBRE" NOT NULL ENABLE);
  ALTER TABLE "ATEMPORADA"."CARACTERISTICAS" MODIFY ("DESCRIPCION" NOT NULL ENABLE);
  ALTER TABLE "ATEMPORADA"."CARACTERISTICAS" ADD CONSTRAINT "CARACTERISTICAS_PK" PRIMARY KEY ("ID_CARACTERISTICA")
  USING INDEX PCTFREE 10 INITRANS 2 MAXTRANS 255 COMPUTE STATISTICS 
  STORAGE(INITIAL 65536 NEXT 1048576 MINEXTENTS 1 MAXEXTENTS 2147483645
  PCTINCREASE 0 FREELISTS 1 FREELIST GROUPS 1
  BUFFER_POOL DEFAULT FLASH_CACHE DEFAULT CELL_FLASH_CACHE DEFAULT)
  TABLESPACE "USERS"  ENABLE;
--------------------------------------------------------
--  Constraints for Table USUARIO
--------------------------------------------------------

  ALTER TABLE "ATEMPORADA"."USUARIO" MODIFY ("EMAIL" NOT NULL ENABLE);
  ALTER TABLE "ATEMPORADA"."USUARIO" MODIFY ("CEDULA" NOT NULL ENABLE);
  ALTER TABLE "ATEMPORADA"."USUARIO" MODIFY ("NOMBRE" NOT NULL ENABLE);
  ALTER TABLE "ATEMPORADA"."USUARIO" MODIFY ("APELLIDO" NOT NULL ENABLE);
  ALTER TABLE "ATEMPORADA"."USUARIO" MODIFY ("TELEFONO" NOT NULL ENABLE);
  ALTER TABLE "ATEMPORADA"."USUARIO" MODIFY ("ESTADO" NOT NULL ENABLE);
  ALTER TABLE "ATEMPORADA"."USUARIO" MODIFY ("PASSWORD" NOT NULL ENABLE);
  ALTER TABLE "ATEMPORADA"."USUARIO" MODIFY ("TIPO" NOT NULL ENABLE);
  ALTER TABLE "ATEMPORADA"."USUARIO" ADD CONSTRAINT "USUARIO_PK" PRIMARY KEY ("EMAIL")
  USING INDEX PCTFREE 10 INITRANS 2 MAXTRANS 255 COMPUTE STATISTICS 
  STORAGE(INITIAL 65536 NEXT 1048576 MINEXTENTS 1 MAXEXTENTS 2147483645
  PCTINCREASE 0 FREELISTS 1 FREELIST GROUPS 1
  BUFFER_POOL DEFAULT FLASH_CACHE DEFAULT CELL_FLASH_CACHE DEFAULT)
  TABLESPACE "USERS"  ENABLE;
--------------------------------------------------------
--  Constraints for Table RESERVA
--------------------------------------------------------

  ALTER TABLE "ATEMPORADA"."RESERVA" MODIFY ("ID_RESERVA" NOT NULL ENABLE);
  ALTER TABLE "ATEMPORADA"."RESERVA" MODIFY ("DIAS_RESERVA" NOT NULL ENABLE);
  ALTER TABLE "ATEMPORADA"."RESERVA" MODIFY ("VALOR_FINAL" NOT NULL ENABLE);
  ALTER TABLE "ATEMPORADA"."RESERVA" MODIFY ("CHECKIN" NOT NULL ENABLE);
  ALTER TABLE "ATEMPORADA"."RESERVA" MODIFY ("CHECKOUT" NOT NULL ENABLE);
  ALTER TABLE "ATEMPORADA"."RESERVA" MODIFY ("FECHA_CONTRATO" NOT NULL ENABLE);
  ALTER TABLE "ATEMPORADA"."RESERVA" MODIFY ("METODO_PAGO" NOT NULL ENABLE);
  ALTER TABLE "ATEMPORADA"."RESERVA" MODIFY ("DEPARTAMENTO_ID_DEPARTAMENTO" NOT NULL ENABLE);
  ALTER TABLE "ATEMPORADA"."RESERVA" MODIFY ("ANTICIPO" NOT NULL ENABLE);
  ALTER TABLE "ATEMPORADA"."RESERVA" MODIFY ("ESTADODEPAGO" NOT NULL ENABLE);
  ALTER TABLE "ATEMPORADA"."RESERVA" MODIFY ("ESTADO" NOT NULL ENABLE);
  ALTER TABLE "ATEMPORADA"."RESERVA" ADD CONSTRAINT "RESERVA_PK" PRIMARY KEY ("ID_RESERVA")
  USING INDEX PCTFREE 10 INITRANS 2 MAXTRANS 255 COMPUTE STATISTICS 
  STORAGE(INITIAL 65536 NEXT 1048576 MINEXTENTS 1 MAXEXTENTS 2147483645
  PCTINCREASE 0 FREELISTS 1 FREELIST GROUPS 1
  BUFFER_POOL DEFAULT FLASH_CACHE DEFAULT CELL_FLASH_CACHE DEFAULT)
  TABLESPACE "USERS"  ENABLE;
--------------------------------------------------------
--  Constraints for Table DEPARTAMENTO
--------------------------------------------------------

  ALTER TABLE "ATEMPORADA"."DEPARTAMENTO" MODIFY ("ID_DEPARTAMENTO" NOT NULL ENABLE);
  ALTER TABLE "ATEMPORADA"."DEPARTAMENTO" MODIFY ("DIRECCION" NOT NULL ENABLE);
  ALTER TABLE "ATEMPORADA"."DEPARTAMENTO" MODIFY ("METROS_CUADRADOS" NOT NULL ENABLE);
  ALTER TABLE "ATEMPORADA"."DEPARTAMENTO" MODIFY ("VALOR_ARRIENDO_DIARIO" NOT NULL ENABLE);
  ALTER TABLE "ATEMPORADA"."DEPARTAMENTO" MODIFY ("DISPONBILE" NOT NULL ENABLE);
  ALTER TABLE "ATEMPORADA"."DEPARTAMENTO" MODIFY ("ZONA" NOT NULL ENABLE);
  ALTER TABLE "ATEMPORADA"."DEPARTAMENTO" MODIFY ("NRO_HABITACIONES" NOT NULL ENABLE);
  ALTER TABLE "ATEMPORADA"."DEPARTAMENTO" MODIFY ("NRO_BANIOS" NOT NULL ENABLE);
  ALTER TABLE "ATEMPORADA"."DEPARTAMENTO" ADD CONSTRAINT "DEPARTAMENTO_PK" PRIMARY KEY ("ID_DEPARTAMENTO")
  USING INDEX PCTFREE 10 INITRANS 2 MAXTRANS 255 COMPUTE STATISTICS 
  STORAGE(INITIAL 65536 NEXT 1048576 MINEXTENTS 1 MAXEXTENTS 2147483645
  PCTINCREASE 0 FREELISTS 1 FREELIST GROUPS 1
  BUFFER_POOL DEFAULT FLASH_CACHE DEFAULT CELL_FLASH_CACHE DEFAULT)
  TABLESPACE "USERS"  ENABLE;
--------------------------------------------------------
--  Constraints for Table REGISTROINVENTARIO
--------------------------------------------------------

  ALTER TABLE "ATEMPORADA"."REGISTROINVENTARIO" MODIFY ("FECHA_ASIGNACION" NOT NULL ENABLE);
  ALTER TABLE "ATEMPORADA"."REGISTROINVENTARIO" MODIFY ("VALOR_TOTAL" NOT NULL ENABLE);
  ALTER TABLE "ATEMPORADA"."REGISTROINVENTARIO" MODIFY ("ITEMS_ID_ITEM" NOT NULL ENABLE);
  ALTER TABLE "ATEMPORADA"."REGISTROINVENTARIO" MODIFY ("CANTIDAD" NOT NULL ENABLE);
  ALTER TABLE "ATEMPORADA"."REGISTROINVENTARIO" MODIFY ("DEPARTAMENTO_ID_DEPARTAMENTO" NOT NULL ENABLE);
--------------------------------------------------------
--  Constraints for Table ENCARGADO
--------------------------------------------------------

  ALTER TABLE "ATEMPORADA"."ENCARGADO" MODIFY ("RUT" NOT NULL ENABLE);
  ALTER TABLE "ATEMPORADA"."ENCARGADO" MODIFY ("NRO_CONTACTO" NOT NULL ENABLE);
  ALTER TABLE "ATEMPORADA"."ENCARGADO" MODIFY ("NOMBRE" NOT NULL ENABLE);
  ALTER TABLE "ATEMPORADA"."ENCARGADO" MODIFY ("APELLIDO" NOT NULL ENABLE);
  ALTER TABLE "ATEMPORADA"."ENCARGADO" ADD CONSTRAINT "ENCARGADO_PK" PRIMARY KEY ("RUT")
  USING INDEX PCTFREE 10 INITRANS 2 MAXTRANS 255 COMPUTE STATISTICS 
  STORAGE(INITIAL 65536 NEXT 1048576 MINEXTENTS 1 MAXEXTENTS 2147483645
  PCTINCREASE 0 FREELISTS 1 FREELIST GROUPS 1
  BUFFER_POOL DEFAULT FLASH_CACHE DEFAULT CELL_FLASH_CACHE DEFAULT)
  TABLESPACE "USERS"  ENABLE;
--------------------------------------------------------
--  Constraints for Table VEHICULO
--------------------------------------------------------

  ALTER TABLE "ATEMPORADA"."VEHICULO" MODIFY ("PATENTE" NOT NULL ENABLE);
  ALTER TABLE "ATEMPORADA"."VEHICULO" MODIFY ("MODELO" NOT NULL ENABLE);
  ALTER TABLE "ATEMPORADA"."VEHICULO" MODIFY ("AÑO" NOT NULL ENABLE);
  ALTER TABLE "ATEMPORADA"."VEHICULO" MODIFY ("COLOR" NOT NULL ENABLE);
  ALTER TABLE "ATEMPORADA"."VEHICULO" MODIFY ("DISPONIBLE" NOT NULL ENABLE);
  ALTER TABLE "ATEMPORADA"."VEHICULO" ADD CONSTRAINT "VEHICULO_PK" PRIMARY KEY ("PATENTE")
  USING INDEX PCTFREE 10 INITRANS 2 MAXTRANS 255 COMPUTE STATISTICS 
  STORAGE(INITIAL 65536 NEXT 1048576 MINEXTENTS 1 MAXEXTENTS 2147483645
  PCTINCREASE 0 FREELISTS 1 FREELIST GROUPS 1
  BUFFER_POOL DEFAULT FLASH_CACHE DEFAULT CELL_FLASH_CACHE DEFAULT)
  TABLESPACE "USERS"  ENABLE;
--------------------------------------------------------
--  Constraints for Table INVOLUCRADOS
--------------------------------------------------------

  ALTER TABLE "ATEMPORADA"."INVOLUCRADOS" MODIFY ("USUARIO_EMAIL" NOT NULL ENABLE);
  ALTER TABLE "ATEMPORADA"."INVOLUCRADOS" MODIFY ("RESERVA_ID_RESERVA" NOT NULL ENABLE);
  ALTER TABLE "ATEMPORADA"."INVOLUCRADOS" ADD CONSTRAINT "INVOLUCRADOS_PK" PRIMARY KEY ("USUARIO_EMAIL", "RESERVA_ID_RESERVA")
  USING INDEX PCTFREE 10 INITRANS 2 MAXTRANS 255 COMPUTE STATISTICS 
  STORAGE(INITIAL 65536 NEXT 1048576 MINEXTENTS 1 MAXEXTENTS 2147483645
  PCTINCREASE 0 FREELISTS 1 FREELIST GROUPS 1
  BUFFER_POOL DEFAULT FLASH_CACHE DEFAULT CELL_FLASH_CACHE DEFAULT)
  TABLESPACE "USERS"  ENABLE;
--------------------------------------------------------
--  Constraints for Table REVISION
--------------------------------------------------------

  ALTER TABLE "ATEMPORADA"."REVISION" MODIFY ("ESTADO" NOT NULL ENABLE);
  ALTER TABLE "ATEMPORADA"."REVISION" MODIFY ("INVENTARIO_ITEMS_ID_ITEM" NOT NULL ENABLE);
  ALTER TABLE "ATEMPORADA"."REVISION" MODIFY ("INVENTARIO_DEPTO_ID_DEPTO" NOT NULL ENABLE);
  ALTER TABLE "ATEMPORADA"."REVISION" MODIFY ("RESERVA_ID_RESERVA" NOT NULL ENABLE);
  ALTER TABLE "ATEMPORADA"."REVISION" ADD CONSTRAINT "REVISION_PK" PRIMARY KEY ("INVENTARIO_ITEMS_ID_ITEM", "INVENTARIO_DEPTO_ID_DEPTO", "RESERVA_ID_RESERVA")
  USING INDEX PCTFREE 10 INITRANS 2 MAXTRANS 255 COMPUTE STATISTICS 
  STORAGE(INITIAL 65536 NEXT 1048576 MINEXTENTS 1 MAXEXTENTS 2147483645
  PCTINCREASE 0 FREELISTS 1 FREELIST GROUPS 1
  BUFFER_POOL DEFAULT FLASH_CACHE DEFAULT CELL_FLASH_CACHE DEFAULT)
  TABLESPACE "USERS"  ENABLE;
--------------------------------------------------------
--  Constraints for Table MULTA
--------------------------------------------------------

  ALTER TABLE "ATEMPORADA"."MULTA" MODIFY ("ID_MULTA" NOT NULL ENABLE);
  ALTER TABLE "ATEMPORADA"."MULTA" MODIFY ("NOMBRE" NOT NULL ENABLE);
  ALTER TABLE "ATEMPORADA"."MULTA" MODIFY ("DESCRIPCION" NOT NULL ENABLE);
  ALTER TABLE "ATEMPORADA"."MULTA" MODIFY ("VALOR" NOT NULL ENABLE);
  ALTER TABLE "ATEMPORADA"."MULTA" ADD CONSTRAINT "MULTA_PK" PRIMARY KEY ("ID_MULTA")
  USING INDEX PCTFREE 10 INITRANS 2 MAXTRANS 255 COMPUTE STATISTICS 
  STORAGE(INITIAL 65536 NEXT 1048576 MINEXTENTS 1 MAXEXTENTS 2147483645
  PCTINCREASE 0 FREELISTS 1 FREELIST GROUPS 1
  BUFFER_POOL DEFAULT FLASH_CACHE DEFAULT CELL_FLASH_CACHE DEFAULT)
  TABLESPACE "USERS"  ENABLE;
  ALTER TABLE "ATEMPORADA"."MULTA" MODIFY ("ESTADO_MULTA" NOT NULL ENABLE);
--------------------------------------------------------
--  Constraints for Table CONDUCTOR
--------------------------------------------------------

  ALTER TABLE "ATEMPORADA"."CONDUCTOR" MODIFY ("RUT" NOT NULL ENABLE);
  ALTER TABLE "ATEMPORADA"."CONDUCTOR" MODIFY ("NOMBRE" NOT NULL ENABLE);
  ALTER TABLE "ATEMPORADA"."CONDUCTOR" MODIFY ("APELLIDO" NOT NULL ENABLE);
  ALTER TABLE "ATEMPORADA"."CONDUCTOR" MODIFY ("DISPONIBLE" NOT NULL ENABLE);
  ALTER TABLE "ATEMPORADA"."CONDUCTOR" MODIFY ("EMAIL" NOT NULL ENABLE);
  ALTER TABLE "ATEMPORADA"."CONDUCTOR" MODIFY ("NRO_CONTACTO" NOT NULL ENABLE);
  ALTER TABLE "ATEMPORADA"."CONDUCTOR" ADD CONSTRAINT "CONDUCTOR_PK" PRIMARY KEY ("RUT")
  USING INDEX PCTFREE 10 INITRANS 2 MAXTRANS 255 COMPUTE STATISTICS 
  STORAGE(INITIAL 65536 NEXT 1048576 MINEXTENTS 1 MAXEXTENTS 2147483645
  PCTINCREASE 0 FREELISTS 1 FREELIST GROUPS 1
  BUFFER_POOL DEFAULT FLASH_CACHE DEFAULT CELL_FLASH_CACHE DEFAULT)
  TABLESPACE "USERS"  ENABLE;
--------------------------------------------------------
--  Constraints for Table DETALLEMULTA
--------------------------------------------------------

  ALTER TABLE "ATEMPORADA"."DETALLEMULTA" MODIFY ("ESTADOMULTA" NOT NULL ENABLE);
  ALTER TABLE "ATEMPORADA"."DETALLEMULTA" MODIFY ("ID_DMULTA" NOT NULL ENABLE);
  ALTER TABLE "ATEMPORADA"."DETALLEMULTA" MODIFY ("OBSERVACIONES" NOT NULL ENABLE);
  ALTER TABLE "ATEMPORADA"."DETALLEMULTA" MODIFY ("RESERVA_ID_RESERVA" NOT NULL ENABLE);
  ALTER TABLE "ATEMPORADA"."DETALLEMULTA" MODIFY ("MULTA_ID_MULTA" NOT NULL ENABLE);
  ALTER TABLE "ATEMPORADA"."DETALLEMULTA" ADD CONSTRAINT "DETALLEMULTA_PK" PRIMARY KEY ("ID_DMULTA")
  USING INDEX PCTFREE 10 INITRANS 2 MAXTRANS 255 COMPUTE STATISTICS 
  STORAGE(INITIAL 65536 NEXT 1048576 MINEXTENTS 1 MAXEXTENTS 2147483645
  PCTINCREASE 0 FREELISTS 1 FREELIST GROUPS 1
  BUFFER_POOL DEFAULT FLASH_CACHE DEFAULT CELL_FLASH_CACHE DEFAULT)
  TABLESPACE "USERS"  ENABLE;
--------------------------------------------------------
--  Constraints for Table DETALLESERVICIOS
--------------------------------------------------------

  ALTER TABLE "ATEMPORADA"."DETALLESERVICIOS" MODIFY ("SERVICIOEXTRA_ID_SERVICIO" NOT NULL ENABLE);
  ALTER TABLE "ATEMPORADA"."DETALLESERVICIOS" MODIFY ("TOUR_ID_TOUR" NOT NULL ENABLE);
  ALTER TABLE "ATEMPORADA"."DETALLESERVICIOS" MODIFY ("ID_DETSER" NOT NULL ENABLE);
  ALTER TABLE "ATEMPORADA"."DETALLESERVICIOS" MODIFY ("PRECIO" NOT NULL ENABLE);
  ALTER TABLE "ATEMPORADA"."DETALLESERVICIOS" MODIFY ("FECHA" NOT NULL ENABLE);
  ALTER TABLE "ATEMPORADA"."DETALLESERVICIOS" MODIFY ("RESERVA_ID_RESERVA" NOT NULL ENABLE);
  ALTER TABLE "ATEMPORADA"."DETALLESERVICIOS" ADD CONSTRAINT "DETALLESERVICIOS_PK" PRIMARY KEY ("RESERVA_ID_RESERVA", "ID_DETSER")
  USING INDEX PCTFREE 10 INITRANS 2 MAXTRANS 255 COMPUTE STATISTICS 
  TABLESPACE "USERS"  ENABLE;
--------------------------------------------------------
--  Constraints for Table VIAJE
--------------------------------------------------------

  ALTER TABLE "ATEMPORADA"."VIAJE" MODIFY ("ID_VIAJE" NOT NULL ENABLE);
  ALTER TABLE "ATEMPORADA"."VIAJE" MODIFY ("ORIGEN" NOT NULL ENABLE);
  ALTER TABLE "ATEMPORADA"."VIAJE" MODIFY ("DESTINO" NOT NULL ENABLE);
  ALTER TABLE "ATEMPORADA"."VIAJE" MODIFY ("COMIENZO" NOT NULL ENABLE);
  ALTER TABLE "ATEMPORADA"."VIAJE" MODIFY ("PRECIO" NOT NULL ENABLE);
  ALTER TABLE "ATEMPORADA"."VIAJE" ADD CONSTRAINT "VIAJE_PK" PRIMARY KEY ("ID_VIAJE")
  USING INDEX PCTFREE 10 INITRANS 2 MAXTRANS 255 COMPUTE STATISTICS 
  TABLESPACE "USERS"  ENABLE;
--------------------------------------------------------
--  Constraints for Table SERVICIOEXTRA
--------------------------------------------------------

  ALTER TABLE "ATEMPORADA"."SERVICIOEXTRA" MODIFY ("ID_SERVICIO" NOT NULL ENABLE);
  ALTER TABLE "ATEMPORADA"."SERVICIOEXTRA" MODIFY ("NOMBRE_SERVICIO" NOT NULL ENABLE);
  ALTER TABLE "ATEMPORADA"."SERVICIOEXTRA" MODIFY ("VALOR_SERVICIO" NOT NULL ENABLE);
  ALTER TABLE "ATEMPORADA"."SERVICIOEXTRA" MODIFY ("DESCRIPCION" NOT NULL ENABLE);
  ALTER TABLE "ATEMPORADA"."SERVICIOEXTRA" MODIFY ("DISPONIBLE" NOT NULL ENABLE);
  ALTER TABLE "ATEMPORADA"."SERVICIOEXTRA" ADD CONSTRAINT "SERVICIOEXTRA_PK" PRIMARY KEY ("ID_SERVICIO")
  USING INDEX PCTFREE 10 INITRANS 2 MAXTRANS 255 COMPUTE STATISTICS 
  TABLESPACE "USERS"  ENABLE;
--------------------------------------------------------
--  Constraints for Table INVENTARIO
--------------------------------------------------------

  ALTER TABLE "ATEMPORADA"."INVENTARIO" MODIFY ("FECHA_ASIGNACION" NOT NULL ENABLE);
  ALTER TABLE "ATEMPORADA"."INVENTARIO" MODIFY ("CANTIDAD" NOT NULL ENABLE);
  ALTER TABLE "ATEMPORADA"."INVENTARIO" MODIFY ("ITEMS_ID_ITEM" NOT NULL ENABLE);
  ALTER TABLE "ATEMPORADA"."INVENTARIO" MODIFY ("DEPARTAMENTO_ID_DEPARTAMENTO" NOT NULL ENABLE);
  ALTER TABLE "ATEMPORADA"."INVENTARIO" MODIFY ("VALOR_TOTAL" NOT NULL ENABLE);
  ALTER TABLE "ATEMPORADA"."INVENTARIO" ADD CONSTRAINT "INVENTARIO_PK" PRIMARY KEY ("ITEMS_ID_ITEM", "DEPARTAMENTO_ID_DEPARTAMENTO")
  USING INDEX PCTFREE 10 INITRANS 2 MAXTRANS 255 COMPUTE STATISTICS 
  STORAGE(INITIAL 65536 NEXT 1048576 MINEXTENTS 1 MAXEXTENTS 2147483645
  PCTINCREASE 0 FREELISTS 1 FREELIST GROUPS 1
  BUFFER_POOL DEFAULT FLASH_CACHE DEFAULT CELL_FLASH_CACHE DEFAULT)
  TABLESPACE "USERS"  ENABLE;
--------------------------------------------------------
--  Constraints for Table TOUR
--------------------------------------------------------

  ALTER TABLE "ATEMPORADA"."TOUR" MODIFY ("ID_TOUR" NOT NULL ENABLE);
  ALTER TABLE "ATEMPORADA"."TOUR" MODIFY ("INICIO" NOT NULL ENABLE);
  ALTER TABLE "ATEMPORADA"."TOUR" MODIFY ("TERMINO" NOT NULL ENABLE);
  ALTER TABLE "ATEMPORADA"."TOUR" MODIFY ("ORIGEN" NOT NULL ENABLE);
  ALTER TABLE "ATEMPORADA"."TOUR" MODIFY ("DESTINO" NOT NULL ENABLE);
  ALTER TABLE "ATEMPORADA"."TOUR" MODIFY ("RUT_CONDUCTOR" NOT NULL ENABLE);
  ALTER TABLE "ATEMPORADA"."TOUR" MODIFY ("PATENTE_VEHICULO" NOT NULL ENABLE);
  ALTER TABLE "ATEMPORADA"."TOUR" MODIFY ("NROPARTICIPANTES" NOT NULL ENABLE);
  ALTER TABLE "ATEMPORADA"."TOUR" MODIFY ("VALOR" NOT NULL ENABLE);
  ALTER TABLE "ATEMPORADA"."TOUR" MODIFY ("DISPONIBLE" NOT NULL ENABLE);
  ALTER TABLE "ATEMPORADA"."TOUR" ADD CONSTRAINT "TOUR_PK" PRIMARY KEY ("ID_TOUR")
  USING INDEX PCTFREE 10 INITRANS 2 MAXTRANS 255 COMPUTE STATISTICS 
  TABLESPACE "USERS"  ENABLE;
--------------------------------------------------------
--  Constraints for Table LISTAACOMPANANTE
--------------------------------------------------------

  ALTER TABLE "ATEMPORADA"."LISTAACOMP" MODIFY ("ACOMPANANTE_CEDULA" NOT NULL ENABLE);
  ALTER TABLE "ATEMPORADA"."LISTAACOMP" MODIFY ("RESERVA_ID_RESERVA" NOT NULL ENABLE);
  ALTER TABLE "ATEMPORADA"."LISTAACOMP" ADD CONSTRAINT "LISTAACOMP_PK" PRIMARY KEY ("ACOMPANANTE_CEDULA", "RESERVA_ID_RESERVA")
  USING INDEX PCTFREE 10 INITRANS 2 MAXTRANS 255 COMPUTE STATISTICS 
  STORAGE(INITIAL 65536 NEXT 1048576 MINEXTENTS 1 MAXEXTENTS 2147483645
  PCTINCREASE 0 FREELISTS 1 FREELIST GROUPS 1
  BUFFER_POOL DEFAULT FLASH_CACHE DEFAULT CELL_FLASH_CACHE DEFAULT)
  TABLESPACE "USERS"  ENABLE;
--------------------------------------------------------
--  Constraints for Table FOTO
--------------------------------------------------------

  ALTER TABLE "ATEMPORADA"."FOTO" MODIFY ("ID_FOTO" NOT NULL ENABLE);
  ALTER TABLE "ATEMPORADA"."FOTO" MODIFY ("DESCRIPCION" NOT NULL ENABLE);
  ALTER TABLE "ATEMPORADA"."FOTO" MODIFY ("NOMBRE" NOT NULL ENABLE);
  ALTER TABLE "ATEMPORADA"."FOTO" MODIFY ("IMAGEN" NOT NULL ENABLE);
  ALTER TABLE "ATEMPORADA"."FOTO" MODIFY ("DEPARTAMENTO_ID_DEPARTAMENTO" NOT NULL ENABLE);
  ALTER TABLE "ATEMPORADA"."FOTO" ADD CONSTRAINT "FOTO_PK" PRIMARY KEY ("ID_FOTO", "DEPARTAMENTO_ID_DEPARTAMENTO")
  USING INDEX PCTFREE 10 INITRANS 2 MAXTRANS 255 COMPUTE STATISTICS 
  STORAGE(INITIAL 65536 NEXT 1048576 MINEXTENTS 1 MAXEXTENTS 2147483645
  PCTINCREASE 0 FREELISTS 1 FREELIST GROUPS 1
  BUFFER_POOL DEFAULT FLASH_CACHE DEFAULT CELL_FLASH_CACHE DEFAULT)
  TABLESPACE "USERS"  ENABLE;

--------------------------------------------------------
--  Constraints for Table ACOMPANANTE
--------------------------------------------------------

  ALTER TABLE "ATEMPORADA"."ACOMPANANTE" MODIFY ("CEDULA" NOT NULL ENABLE);
  ALTER TABLE "ATEMPORADA"."ACOMPANANTE" MODIFY ("NOMBRE" NOT NULL ENABLE);
  ALTER TABLE "ATEMPORADA"."ACOMPANANTE" MODIFY ("APELLIDO" NOT NULL ENABLE);
  ALTER TABLE "ATEMPORADA"."ACOMPANANTE" MODIFY ("TELEFONO" NOT NULL ENABLE);
  ALTER TABLE "ATEMPORADA"."ACOMPANANTE" ADD CONSTRAINT "ACOMPANANTE_PK" PRIMARY KEY ("CEDULA")
  USING INDEX PCTFREE 10 INITRANS 2 MAXTRANS 255 COMPUTE STATISTICS 
  STORAGE(INITIAL 65536 NEXT 1048576 MINEXTENTS 1 MAXEXTENTS 2147483645
  PCTINCREASE 0 FREELISTS 1 FREELIST GROUPS 1
  BUFFER_POOL DEFAULT FLASH_CACHE DEFAULT CELL_FLASH_CACHE DEFAULT)
  TABLESPACE "USERS"  ENABLE;
--------------------------------------------------------
--  Constraints for Table LISTACARACTERISTICAS
--------------------------------------------------------

  ALTER TABLE "ATEMPORADA"."LISTACARACTERISTICAS" MODIFY ("DEPARTAMENTO_ID_DEPARTAMENTO" NOT NULL ENABLE);
  ALTER TABLE "ATEMPORADA"."LISTACARACTERISTICAS" MODIFY ("CARACTERISTICAS_ID_CARACT" NOT NULL ENABLE);
  ALTER TABLE "ATEMPORADA"."LISTACARACTERISTICAS" ADD CONSTRAINT "LISTACARACTERISTICAS_PK" PRIMARY KEY ("DEPARTAMENTO_ID_DEPARTAMENTO", "CARACTERISTICAS_ID_CARACT")
  USING INDEX PCTFREE 10 INITRANS 2 MAXTRANS 255 COMPUTE STATISTICS 
  STORAGE(INITIAL 65536 NEXT 1048576 MINEXTENTS 1 MAXEXTENTS 2147483645
  PCTINCREASE 0 FREELISTS 1 FREELIST GROUPS 1
  BUFFER_POOL DEFAULT FLASH_CACHE DEFAULT CELL_FLASH_CACHE DEFAULT)
  TABLESPACE "USERS"  ENABLE;
--------------------------------------------------------
--  Constraints for Table MANTENCION
--------------------------------------------------------

  ALTER TABLE "ATEMPORADA"."MANTENCION" MODIFY ("ID_MANTENCION" NOT NULL ENABLE);
  ALTER TABLE "ATEMPORADA"."MANTENCION" MODIFY ("VALOR_TOTAL" NOT NULL ENABLE);
  ALTER TABLE "ATEMPORADA"."MANTENCION" MODIFY ("DESCRIPCION" NOT NULL ENABLE);
  ALTER TABLE "ATEMPORADA"."MANTENCION" MODIFY ("FECHA_INICIO" NOT NULL ENABLE);
  ALTER TABLE "ATEMPORADA"."MANTENCION" MODIFY ("FECHA_TERMINO" NOT NULL ENABLE);
  ALTER TABLE "ATEMPORADA"."MANTENCION" MODIFY ("MOTIVO" NOT NULL ENABLE);
  ALTER TABLE "ATEMPORADA"."MANTENCION" MODIFY ("TIPO_MANTENCION" NOT NULL ENABLE);
  ALTER TABLE "ATEMPORADA"."MANTENCION" MODIFY ("ENCARGADO_RUT" NOT NULL ENABLE);
  ALTER TABLE "ATEMPORADA"."MANTENCION" MODIFY ("DEPARTAMENTO_ID_DEPARTAMENTO" NOT NULL ENABLE);
  ALTER TABLE "ATEMPORADA"."MANTENCION" MODIFY ("ESTADO" NOT NULL ENABLE);
  ALTER TABLE "ATEMPORADA"."MANTENCION" ADD CONSTRAINT "MANTENCION_PK" PRIMARY KEY ("ID_MANTENCION", "ENCARGADO_RUT", "DEPARTAMENTO_ID_DEPARTAMENTO")
  USING INDEX PCTFREE 10 INITRANS 2 MAXTRANS 255 COMPUTE STATISTICS 
  STORAGE(INITIAL 65536 NEXT 1048576 MINEXTENTS 1 MAXEXTENTS 2147483645
  PCTINCREASE 0 FREELISTS 1 FREELIST GROUPS 1
  BUFFER_POOL DEFAULT FLASH_CACHE DEFAULT CELL_FLASH_CACHE DEFAULT)
  TABLESPACE "USERS"  ENABLE;
--------------------------------------------------------
--  Constraints for Table ITEMS
--------------------------------------------------------

  ALTER TABLE "ATEMPORADA"."ITEMS" MODIFY ("ID_ITEM" NOT NULL ENABLE);
  ALTER TABLE "ATEMPORADA"."ITEMS" MODIFY ("NOMBRE" NOT NULL ENABLE);
  ALTER TABLE "ATEMPORADA"."ITEMS" MODIFY ("VALOR" NOT NULL ENABLE);
  ALTER TABLE "ATEMPORADA"."ITEMS" ADD CONSTRAINT "ITEMS_PK" PRIMARY KEY ("ID_ITEM")
  USING INDEX PCTFREE 10 INITRANS 2 MAXTRANS 255 COMPUTE STATISTICS 
  STORAGE(INITIAL 65536 NEXT 1048576 MINEXTENTS 1 MAXEXTENTS 2147483645
  PCTINCREASE 0 FREELISTS 1 FREELIST GROUPS 1
  BUFFER_POOL DEFAULT FLASH_CACHE DEFAULT CELL_FLASH_CACHE DEFAULT)
  TABLESPACE "USERS"  ENABLE;
--------------------------------------------------------
--  Ref Constraints for Table RESERVA
--------------------------------------------------------

  ALTER TABLE "ATEMPORADA"."RESERVA" ADD CONSTRAINT "RESERVA_DEPARTAMENTO_FK" FOREIGN KEY ("DEPARTAMENTO_ID_DEPARTAMENTO")
	  REFERENCES "ATEMPORADA"."DEPARTAMENTO" ("ID_DEPARTAMENTO") ENABLE;
--------------------------------------------------------
--  Ref Constraints for Table DETALLEMULTA
--------------------------------------------------------

  ALTER TABLE "ATEMPORADA"."DETALLEMULTA" ADD CONSTRAINT "DETALLEMULTA_RESERVA_FK" FOREIGN KEY ("RESERVA_ID_RESERVA")
	  REFERENCES "ATEMPORADA"."RESERVA" ("ID_RESERVA") ENABLE;
  ALTER TABLE "ATEMPORADA"."DETALLEMULTA" ADD CONSTRAINT "DETALLEMULTA_MULTA_FK" FOREIGN KEY ("MULTA_ID_MULTA")
	  REFERENCES "ATEMPORADA"."MULTA" ("ID_MULTA") ENABLE;
--------------------------------------------------------
--  Ref Constraints for Table DETALLESERVICIOS
--------------------------------------------------------

  ALTER TABLE "ATEMPORADA"."DETALLESERVICIOS" ADD CONSTRAINT "DETALLESERVICIOS_RESERVA_FK" FOREIGN KEY ("RESERVA_ID_RESERVA")
	  REFERENCES "ATEMPORADA"."RESERVA" ("ID_RESERVA") ENABLE;
  ALTER TABLE "ATEMPORADA"."DETALLESERVICIOS" ADD CONSTRAINT "DETALLESERVICIOS_SERVICIOEX_FK" FOREIGN KEY ("SERVICIOEXTRA_ID_SERVICIO")
	  REFERENCES "ATEMPORADA"."SERVICIOEXTRA" ("ID_SERVICIO") ENABLE;
  ALTER TABLE "ATEMPORADA"."DETALLESERVICIOS" ADD CONSTRAINT "DETALLESERVICIOS_TOUR_FK" FOREIGN KEY ("TOUR_ID_TOUR")
	  REFERENCES "ATEMPORADA"."TOUR" ("ID_TOUR") ENABLE;
  ALTER TABLE "ATEMPORADA"."DETALLESERVICIOS" ADD CONSTRAINT "DETALLESERVICIOS_VIAJE_FK" FOREIGN KEY ("VIAJE_ID_VIAJE")
	  REFERENCES "ATEMPORADA"."VIAJE" ("ID_VIAJE") ENABLE;
--------------------------------------------------------
--  Ref Constraints for Table FOTO
--------------------------------------------------------

  ALTER TABLE "ATEMPORADA"."FOTO" ADD CONSTRAINT "FOTO_DEPARTAMENTO_FK" FOREIGN KEY ("DEPARTAMENTO_ID_DEPARTAMENTO")
	  REFERENCES "ATEMPORADA"."DEPARTAMENTO" ("ID_DEPARTAMENTO") ENABLE;
--------------------------------------------------------
--  Ref Constraints for Table INVENTARIO
--------------------------------------------------------

  ALTER TABLE "ATEMPORADA"."INVENTARIO" ADD CONSTRAINT "INVENTARIO_DEPARTAMENTO_FK" FOREIGN KEY ("DEPARTAMENTO_ID_DEPARTAMENTO")
	  REFERENCES "ATEMPORADA"."DEPARTAMENTO" ("ID_DEPARTAMENTO") ENABLE;
  ALTER TABLE "ATEMPORADA"."INVENTARIO" ADD CONSTRAINT "INVENTARIO_ITEMS_FK" FOREIGN KEY ("ITEMS_ID_ITEM")
	  REFERENCES "ATEMPORADA"."ITEMS" ("ID_ITEM") ENABLE;
--------------------------------------------------------
--  Ref Constraints for Table INVOLUCRADOS
--------------------------------------------------------

  ALTER TABLE "ATEMPORADA"."INVOLUCRADOS" ADD CONSTRAINT "INVOLUCRADOS_RESERVA_FK" FOREIGN KEY ("RESERVA_ID_RESERVA")
	  REFERENCES "ATEMPORADA"."RESERVA" ("ID_RESERVA") ENABLE;
  ALTER TABLE "ATEMPORADA"."INVOLUCRADOS" ADD CONSTRAINT "INVOLUCRADOS_USUARIO_FK" FOREIGN KEY ("USUARIO_EMAIL")
	  REFERENCES "ATEMPORADA"."USUARIO" ("EMAIL") ENABLE;
--------------------------------------------------------
--  Ref Constraints for Table LISTACARACTERISTICAS
--------------------------------------------------------

  ALTER TABLE "ATEMPORADA"."LISTACARACTERISTICAS" ADD CONSTRAINT "LISTACARACTERISTICAS_CARACT_FK" FOREIGN KEY ("CARACTERISTICAS_ID_CARACT")
	  REFERENCES "ATEMPORADA"."CARACTERISTICAS" ("ID_CARACTERISTICA") ENABLE;
  ALTER TABLE "ATEMPORADA"."LISTACARACTERISTICAS" ADD CONSTRAINT "LISTACARACTERISTICAS_DEPTO_FK" FOREIGN KEY ("DEPARTAMENTO_ID_DEPARTAMENTO")
	  REFERENCES "ATEMPORADA"."DEPARTAMENTO" ("ID_DEPARTAMENTO") ENABLE;
--------------------------------------------------------
--  Ref Constraints for Table LISTAACOMPANANTE
--------------------------------------------------------

  ALTER TABLE "ATEMPORADA"."LISTAACOMP" ADD CONSTRAINT "LISTAACOMP_RESERVA_FK" FOREIGN KEY ("RESERVA_ID_RESERVA")
	  REFERENCES "ATEMPORADA"."RESERVA" ("ID_RESERVA") ENABLE;
  ALTER TABLE "ATEMPORADA"."LISTAACOMP" ADD CONSTRAINT "LISTAACOMP_ACOMPANANTE_FK" FOREIGN KEY ("ACOMPANANTE_CEDULA")
	  REFERENCES "ATEMPORADA"."ACOMPANANTE" ("CEDULA") ENABLE;
--------------------------------------------------------
--  Ref Constraints for Table MANTENCION
--------------------------------------------------------

  ALTER TABLE "ATEMPORADA"."MANTENCION" ADD CONSTRAINT "MANTENCION_DEPARTAMENTO_FK" FOREIGN KEY ("DEPARTAMENTO_ID_DEPARTAMENTO")
	  REFERENCES "ATEMPORADA"."DEPARTAMENTO" ("ID_DEPARTAMENTO") ENABLE;
  ALTER TABLE "ATEMPORADA"."MANTENCION" ADD CONSTRAINT "MANTENCION_ENCARGADO_FK" FOREIGN KEY ("ENCARGADO_RUT")
	  REFERENCES "ATEMPORADA"."ENCARGADO" ("RUT") ENABLE;
--------------------------------------------------------
--  Ref Constraints for Table REGISTROINVENTARIO
--------------------------------------------------------

  ALTER TABLE "ATEMPORADA"."REGISTROINVENTARIO" ADD CONSTRAINT "REGISTROINVENTARIO_DEPTO_FK" FOREIGN KEY ("DEPARTAMENTO_ID_DEPARTAMENTO")
	  REFERENCES "ATEMPORADA"."DEPARTAMENTO" ("ID_DEPARTAMENTO") ENABLE;
  ALTER TABLE "ATEMPORADA"."REGISTROINVENTARIO" ADD CONSTRAINT "REGISTROINVENTARIO_ITEMS_FK" FOREIGN KEY ("ITEMS_ID_ITEM")
	  REFERENCES "ATEMPORADA"."ITEMS" ("ID_ITEM") ENABLE;
--------------------------------------------------------
--  Ref Constraints for Table REVISION
--------------------------------------------------------

  ALTER TABLE "ATEMPORADA"."REVISION" ADD CONSTRAINT "REVISION_RESERVA_FK" FOREIGN KEY ("RESERVA_ID_RESERVA")
	  REFERENCES "ATEMPORADA"."RESERVA" ("ID_RESERVA") ENABLE;
  ALTER TABLE "ATEMPORADA"."REVISION" ADD CONSTRAINT "REVISION_INVENTARIO_FK" FOREIGN KEY ("INVENTARIO_ITEMS_ID_ITEM", "INVENTARIO_DEPTO_ID_DEPTO")
	  REFERENCES "ATEMPORADA"."INVENTARIO" ("ITEMS_ID_ITEM", "DEPARTAMENTO_ID_DEPARTAMENTO") ENABLE;
--------------------------------------------------------
--  Ref Constraints for Table VIAJE
--------------------------------------------------------

  ALTER TABLE "ATEMPORADA"."VIAJE" ADD CONSTRAINT "VIAJE_CONDUCTOR_FK" FOREIGN KEY ("CONDUCTOR_RUT")
	  REFERENCES "ATEMPORADA"."CONDUCTOR" ("RUT") ENABLE;
  ALTER TABLE "ATEMPORADA"."VIAJE" ADD CONSTRAINT "VIAJE_VEHICULO_FK" FOREIGN KEY ("VEHICULO_PATENTE")
	  REFERENCES "ATEMPORADA"."VEHICULO" ("PATENTE") ENABLE;

--------------------------------------------------------
--  DDL for Sequence SEQ_ID_RESERVA
--------------------------------------------------------

   CREATE SEQUENCE  "ATEMPORADA"."SEQ_ID_RESERVA"  MINVALUE 1 MAXVALUE 99999 INCREMENT BY 1 START WITH 761 CACHE 20 NOORDER CYCLE;
--------------------------------------------------------
--  DDL for Sequence SEQ_ID_CARACTERISTICA
--------------------------------------------------------

   CREATE SEQUENCE  "ATEMPORADA"."SEQ_ID_CARACTERISTICA"  MINVALUE 1 MAXVALUE 99999 INCREMENT BY 1 START WITH 281 CACHE 20 NOORDER  CYCLE ; 
--------------------------------------------------------
--  DDL for Sequence SEQ_ID_DEPARTAMENTO
--------------------------------------------------------

   CREATE SEQUENCE  "ATEMPORADA"."SEQ_ID_DEPARTAMENTO"  MINVALUE 1 MAXVALUE 99999 INCREMENT BY 1 START WITH 321 CACHE 20 ORDER  CYCLE;  
--------------------------------------------------------
--  DDL for Sequence SEQ_ID_DETALLEMULTA
--------------------------------------------------------

   CREATE SEQUENCE  "ATEMPORADA"."SEQ_ID_DMULTA"  MINVALUE 1 MAXVALUE 99999 INCREMENT BY 1 START WITH 341 CACHE 20 NOORDER  CYCLE;
--------------------------------------------------------
--  DDL for Sequence SEQ_ID_DETALLESERVICIO
--------------------------------------------------------

   CREATE SEQUENCE  "ATEMPORADA"."SEQ_ID_DETALLESERVICIO"  MINVALUE 1 MAXVALUE 99999 INCREMENT BY 1 START WITH 481 CACHE 20 NOORDER  CYCLE;  
--------------------------------------------------------
--  DDL for Sequence SEQ_ID_FOTO
--------------------------------------------------------

   CREATE SEQUENCE  "ATEMPORADA"."SEQ_ID_FOTO"  MINVALUE 1 MAXVALUE 99999 INCREMENT BY 1 START WITH 661 CACHE 20 NOORDER  CYCLE; 
--------------------------------------------------------
--  DDL for Sequence SEQ_ID_ITEM
--------------------------------------------------------

   CREATE SEQUENCE  "ATEMPORADA"."SEQ_ID_ITEM"  MINVALUE 1 MAXVALUE 99999 INCREMENT BY 1 START WITH 501 CACHE 20 NOORDER  CYCLE;  

--------------------------------------------------------
--  DDL for Sequence SEQ_ID_MANTENCION
--------------------------------------------------------

   CREATE SEQUENCE  "ATEMPORADA"."SEQ_ID_MANTENCION"  MINVALUE 1 MAXVALUE 99999 INCREMENT BY 1 START WITH 401 CACHE 20 NOORDER  CYCLE;  
--------------------------------------------------------
--  DDL for Sequence SEQ_ID_MULTA
--------------------------------------------------------

   CREATE SEQUENCE  "ATEMPORADA"."SEQ_ID_MULTA"  MINVALUE 1 MAXVALUE 99999 INCREMENT BY 1 START WITH 341 CACHE 20 NOORDER  CYCLE;  
--------------------------------------------------------
--  DDL for Sequence SEQ_ID_REGISTROINVENTARIO
--------------------------------------------------------

   CREATE SEQUENCE  "ATEMPORADA"."SEQ_ID_REGISTROINVENTARIO"  MINVALUE 1 MAXVALUE 99999 INCREMENT BY 1 START WITH 401 CACHE 20 NOORDER  CYCLE; 
--------------------------------------------------------
--  DDL for Sequence SEQ_ID_SERVICIOEXTRA
--------------------------------------------------------

   CREATE SEQUENCE  "ATEMPORADA"."SEQ_ID_SERVICIOEXTRA"  MINVALUE 1 MAXVALUE 99999 INCREMENT BY 1 START WITH 81 CACHE 20 NOORDER  CYCLE; 
--------------------------------------------------------
--  DDL for Sequence SEQ_ID_TOUR
--------------------------------------------------------

   CREATE SEQUENCE  "ATEMPORADA"."SEQ_ID_TOUR"  MINVALUE 1 MAXVALUE 99999 INCREMENT BY 1 START WITH 41 CACHE 20 NOORDER  CYCLE;  
--------------------------------------------------------
--  DDL for Sequence SEQ_ID_VIAJE
--------------------------------------------------------

   CREATE SEQUENCE  "ATEMPORADA"."SEQ_ID_VIAJE"  MINVALUE 1 MAXVALUE 99999 INCREMENT BY 1 START WITH 121 CACHE 20 NOORDER  CYCLE;
   
REM INSERTING into ATEMPORADA.RESERVA
SET DEFINE OFF;
Insert into ATEMPORADA.RESERVA (ID_RESERVA,DIAS_RESERVA,VALOR_FINAL,CHECKIN,CHECKOUT,TOTAL_MULTAS,FECHA_CONTRATO,METODO_PAGO,DEPARTAMENTO_ID_DEPARTAMENTO,ANTICIPO,ESTADODEPAGO,ESTADO) values ('701','1','19500',to_timestamp('28/11/19 00:00:00,000000000','DD/MM/RR HH24:MI:SSXFF'),to_timestamp('29/11/19 00:00:00,000000000','DD/MM/RR HH24:MI:SSXFF'),'0',to_timestamp('20/11/19 20:07:42,732686000','DD/MM/RR HH24:MI:SSXFF'),'Visa','242','5850','pendiente','activo');
Insert into ATEMPORADA.RESERVA (ID_RESERVA,DIAS_RESERVA,VALOR_FINAL,CHECKIN,CHECKOUT,TOTAL_MULTAS,FECHA_CONTRATO,METODO_PAGO,DEPARTAMENTO_ID_DEPARTAMENTO,ANTICIPO,ESTADODEPAGO,ESTADO) values ('721','1','15000',to_timestamp('30/11/19 00:00:00,000000000','DD/MM/RR HH24:MI:SSXFF'),to_timestamp('01/12/19 00:00:00,000000000','DD/MM/RR HH24:MI:SSXFF'),'0',to_timestamp('27/11/19 02:05:07,208423000','DD/MM/RR HH24:MI:SSXFF'),'Visa','261','4500','pendiente','activo');
Insert into ATEMPORADA.RESERVA (ID_RESERVA,DDIAS_RESERVA,VALOR_FINAL,CHECKIN,CHECKOUT,TOTAL_MULTAS,FECHA_CONTRATO,METODO_PAGO,DEPARTAMENTO_ID_DEPARTAMENTO,ANTICIPO,ESTADODEPAGO,ESTADO) values ('722','3','45000',to_timestamp('28/11/19 00:00:00,000000000','DD/MM/RR HH24:MI:SSXFF'),to_timestamp('01/12/19 00:00:00,000000000','DD/MM/RR HH24:MI:SSXFF'),'0',to_timestamp('27/11/19 02:05:45,886898000','DD/MM/RR HH24:MI:SSXFF'),'Visa','261','4500','pendiente','activo');
Insert into ATEMPORADA.RESERVA (ID_RESERVA,DIAS_RESERVA,VALOR_FINAL,CHECKIN,CHECKOUT,TOTAL_MULTAS,FECHA_CONTRATO,METODO_PAGO,DEPARTAMENTO_ID_DEPARTAMENTO,ANTICIPO,ESTADODEPAGO,ESTADO) values ('681','1','15000',to_timestamp('28/11/19 00:00:00,000000000','DD/MM/RR HH24:MI:SSXFF'),to_timestamp('29/11/19 00:00:00,000000000','DD/MM/RR HH24:MI:SSXFF'),'0',to_timestamp('20/11/19 17:06:53,885004000','DD/MM/RR HH24:MI:SSXFF'),'Visa','241','4500','pendiente','activo');
Insert into ATEMPORADA.RESERVA (ID_RESERVA,DIAS_RESERVA,VALOR_FINAL,CHECKIN,CHECKOUT,TOTAL_MULTAS,FECHA_CONTRATO,METODO_PAGO,DEPARTAMENTO_ID_DEPARTAMENTO,ANTICIPO,ESTADODEPAGO,ESTADO) values ('682','1','20000',to_timestamp('28/11/19 00:00:00,000000000','DD/MM/RR HH24:MI:SSXFF'),to_timestamp('29/11/19 00:00:00,000000000','DD/MM/RR HH24:MI:SSXFF'),'0',to_timestamp('20/11/19 17:06:56,158420000','DD/MM/RR HH24:MI:SSXFF'),'Visa','243','6000','pendiente','activo');
Insert into ATEMPORADA.RESERVA (ID_RESERVA,DIAS_RESERVA,VALOR_FINAL,CHECKIN,CHECKOUT,TOTAL_MULTAS,FECHA_CONTRATO,METODO_PAGO,DEPARTAMENTO_ID_DEPARTAMENTO,ANTICIPO,ESTADODEPAGO,ESTADO) values ('723','3','45000',to_timestamp('28/11/19 00:00:00,000000000','DD/MM/RR HH24:MI:SSXFF'),to_timestamp('01/12/19 00:00:00,000000000','DD/MM/RR HH24:MI:SSXFF'),'0',to_timestamp('27/11/19 02:05:48,656672000','DD/MM/RR HH24:MI:SSXFF'),'Visa','264','4500','pendiente','activo');
Insert into ATEMPORADA.RESERVA (ID_RESERVA,DIAS_RESERVA,VALOR_FINAL,CHECKIN,CHECKOUT,TOTAL_MULTAS,FECHA_CONTRATO,METODO_PAGO,DEPARTAMENTO_ID_DEPARTAMENTO,ANTICIPO,ESTADODEPAGO,ESTADO) values ('724','3','150000',to_timestamp('28/11/19 00:00:00,000000000','DD/MM/RR HH24:MI:SSXFF'),to_timestamp('01/12/19 00:00:00,000000000','DD/MM/RR HH24:MI:SSXFF'),'0',to_timestamp('27/11/19 02:05:51,393970000','DD/MM/RR HH24:MI:SSXFF'),'Visa','263','15000','pendiente','activo');
Insert into ATEMPORADA.RESERVA (ID_RESERVA,DIAS_RESERVA,VALOR_FINAL,CHECKIN,CHECKOUT,TOTAL_MULTAS,FECHA_CONTRATO,METODO_PAGO,DEPARTAMENTO_ID_DEPARTAMENTO,ANTICIPO,ESTADODEPAGO,ESTADO) values ('741','9','450000',to_timestamp('22/01/20 00:00:00,000000000','DD/MM/RR HH24:MI:SSXFF'),to_timestamp('31/01/20 00:00:00,000000000','DD/MM/RR HH24:MI:SSXFF'),'0',to_timestamp('30/11/19 17:13:10,902393000','DD/MM/RR HH24:MI:SSXFF'),'Visa','263','15000','pendiente','activo');
Insert into ATEMPORADA.RESERVA (ID_RESERVA,DIAS_RESERVA,VALOR_FINAL,CHECKIN,CHECKOUT,TOTAL_MULTAS,FECHA_CONTRATO,METODO_PAGO,DEPARTAMENTO_ID_DEPARTAMENTO,ANTICIPO,ESTADODEPAGO,ESTADO) values ('742','9','135000',to_timestamp('22/01/20 00:00:00,000000000','DD/MM/RR HH24:MI:SSXFF'),to_timestamp('31/01/20 00:00:00,000000000','DD/MM/RR HH24:MI:SSXFF'),'0',to_timestamp('30/11/19 17:13:15,055201000','DD/MM/RR HH24:MI:SSXFF'),'Visa','264','4500','pendiente','activo');
REM INSERTING into ATEMPORADA.CARACTERISTICAS
SET DEFINE OFF;
Insert into ATEMPORADA.CARACTERISTICAS (ID_CARACTERISTICA,NOMBRE,DESCRIPCION) values ('261','Luz','Electrica');
Insert into ATEMPORADA.CARACTERISTICAS (ID_CARACTERISTICA,NOMBRE,DESCRIPCION) values ('262','Agua','Potable');
Insert into ATEMPORADA.CARACTERISTICAS (ID_CARACTERISTICA,NOMBRE,DESCRIPCION) values ('263','Internet','300mg');
Insert into ATEMPORADA.CARACTERISTICAS (ID_CARACTERISTICA,NOMBRE,DESCRIPCION) values ('264','Cable','TV satelital');
Insert into ATEMPORADA.CARACTERISTICAS (ID_CARACTERISTICA,NOMBRE,DESCRIPCION) values ('265','Aire Acondicionado','Regularización  de temperatura');
Insert into ATEMPORADA.CARACTERISTICAS (ID_CARACTERISTICA,NOMBRE,DESCRIPCION) values ('267','Gym','Acceso ilimitado');
Insert into ATEMPORADA.CARACTERISTICAS (ID_CARACTERISTICA,NOMBRE,DESCRIPCION) values ('268','spa','Acceso ilimitado');
REM INSERTING into ATEMPORADA.CONDUCTOR
SET DEFINE OFF;
Insert into ATEMPORADA.CONDUCTOR (RUT,NOMBRE,APELLIDO,DISPONIBLE,EMAIL,NRO_CONTACTO) values ('69632092','asdasd','asdasd','1','asd@asd','12312312');
REM INSERTING into ATEMPORADA.DEPARTAMENTO
SET DEFINE OFF;
Insert into ATEMPORADA.DEPARTAMENTO (ID_DEPARTAMENTO,DIRECCION,METROS_CUADRADOS,VALOR_ARRIENDO_DIARIO,DISPONBILE,ZONA,NRO_HABITACIONES,NRO_BANIOS) values ('241','Serrano 205','30','15000','1','Concepcion','2','2');
Insert into ATEMPORADA.DEPARTAMENTO (ID_DEPARTAMENTO,DIRECCION,METROS_CUADRADOS,VALOR_ARRIENDO_DIARIO,DISPONBILE,ZONA,NRO_HABITACIONES,NRO_BANIOS) values ('242','Serrano 206','50','19500','1','Concepcion','2','2');
Insert into ATEMPORADA.DEPARTAMENTO (ID_DEPARTAMENTO,DIRECCION,METROS_CUADRADOS,VALOR_ARRIENDO_DIARIO,DISPONBILE,ZONA,NRO_HABITACIONES,NRO_BANIOS) values ('243','Serrano 207','50','20000','1','Concepcion','2','2');
Insert into ATEMPORADA.DEPARTAMENTO (ID_DEPARTAMENTO,DIRECCION,METROS_CUADRADOS,VALOR_ARRIENDO_DIARIO,DISPONBILE,ZONA,NRO_HABITACIONES,NRO_BANIOS) values ('244','Serrano 208','55','25000','1','Concepcion','3','2');
Insert into ATEMPORADA.DEPARTAMENTO (ID_DEPARTAMENTO,DIRECCION,METROS_CUADRADOS,VALOR_ARRIENDO_DIARIO,DISPONBILE,ZONA,NRO_HABITACIONES,NRO_BANIOS) values ('245','Serrano 209','50','20000','1','Concepcion','3','1');
Insert into ATEMPORADA.DEPARTAMENTO (ID_DEPARTAMENTO,DIRECCION,METROS_CUADRADOS,VALOR_ARRIENDO_DIARIO,DISPONBILE,ZONA,NRO_HABITACIONES,NRO_BANIOS) values ('246','Serrano 301','60','30000','1','Concepcion','3','2');
Insert into ATEMPORADA.DEPARTAMENTO (ID_DEPARTAMENTO,DIRECCION,METROS_CUADRADOS,VALOR_ARRIENDO_DIARIO,DISPONBILE,ZONA,NRO_HABITACIONES,NRO_BANIOS) values ('261','Frutillares 2711','80','15000','1','Tome','2','2');
Insert into ATEMPORADA.DEPARTAMENTO (ID_DEPARTAMENTO,DIRECCION,METROS_CUADRADOS,VALOR_ARRIENDO_DIARIO,DISPONBILE,ZONA,NRO_HABITACIONES,NRO_BANIOS) values ('262','Frutillares 2713','90','25000','1','Tome','3','2');
Insert into ATEMPORADA.DEPARTAMENTO (ID_DEPARTAMENTO,DIRECCION,METROS_CUADRADOS,VALOR_ARRIENDO_DIARIO,DISPONBILE,ZONA,NRO_HABITACIONES,NRO_BANIOS) values ('263','Lincoyan','120','50000','1','Penco','2','2');
Insert into ATEMPORADA.DEPARTAMENTO (ID_DEPARTAMENTO,DIRECCION,METROS_CUADRADOS,VALOR_ARRIENDO_DIARIO,DISPONBILE,ZONA,NRO_HABITACIONES,NRO_BANIOS) values ('264','Lincoyan 22','90','15000','1','Penco','2','1');
Insert into ATEMPORADA.DEPARTAMENTO (ID_DEPARTAMENTO,DIRECCION,METROS_CUADRADOS,VALOR_ARRIENDO_DIARIO,DISPONBILE,ZONA,NRO_HABITACIONES,NRO_BANIOS) values ('281','Colocolo','80','20000','1','Concepcion','2','2');
Insert into ATEMPORADA.DEPARTAMENTO (ID_DEPARTAMENTO,DIRECCION,METROS_CUADRADOS,VALOR_ARRIENDO_DIARIO,DISPONBILE,ZONA,NRO_HABITACIONES,NRO_BANIOS) values ('301','Colocolo 285','230','40000','1','Tome','2','2');
REM INSERTING into ATEMPORADA.DETALLEMULTA
SET DEFINE OFF;
Insert into ATEMPORADA.DETALLEMULTA (ID_DMULTA,OBSERVACIONES,RESERVA_ID_RESERVA,MULTA_ID_MULTA,ESTADOMULTA) values ('1','cualquiera','681','1','pendiente');
REM INSERTING into ATEMPORADA.DETALLESERVICIOS
SET DEFINE OFF;
REM INSERTING into ATEMPORADA.ENCARGADO
SET DEFINE OFF;
Insert into ATEMPORADA.ENCARGADO (RUT,NRO_CONTACTO,NOMBRE,APELLIDO,EMAIL) values ('191207351','82982892','Wilson','Arévalo','wilson.sebastian@hotmail.com');
Insert into ATEMPORADA.ENCARGADO (RUT,NRO_CONTACTO,NOMBRE,APELLIDO,EMAIL) values ('191207351','82898298','Cualquiera','Cualquiera','cualquiera@cualquiera');
Insert into ATEMPORADA.ENCARGADO (RUT,NRO_CONTACTO,NOMBRE,APELLIDO,EMAIL) values ('191207351','82989829','cualqueira','cualquiera','cualquiera@cualquiera');
REM INSERTING into ATEMPORADA.FOTO
SET DEFINE OFF;
REM INSERTING into ATEMPORADA.ACOMPANANTE
SET DEFINE OFF;
Insert into ATEMPORADA.ACOMPANANTE (CEDULA,NOMBRE,APELLIDO,TELEFONO) values ('191207351','Wilson','Arévalo','945777115');
REM INSERTING into ATEMPORADA.INVENTARIO
SET DEFINE OFF;
Insert into ATEMPORADA.INVENTARIO (FECHA_ASIGNACION,FECHA_ULTIMA_MODIFICACION,CANTIDAD,ITEMS_ID_ITEM,DEPARTAMENTO_ID_DEPARTAMENTO,VALOR_TOTAL) values (to_timestamp('04/11/19 23:11:58,786864000','DD/MM/RR HH24:MI:SSXFF'),to_timestamp('04/11/19 23:11:58,786864000','DD/MM/RR HH24:MI:SSXFF'),'2','483','241','500000');
Insert into ATEMPORADA.INVENTARIO (FECHA_ASIGNACION,FECHA_ULTIMA_MODIFICACION,CANTIDAD,ITEMS_ID_ITEM,DEPARTAMENTO_ID_DEPARTAMENTO,VALOR_TOTAL) values (to_timestamp('04/11/19 23:11:40,809304000','DD/MM/RR HH24:MI:SSXFF'),to_timestamp('04/11/19 23:11:40,809304000','DD/MM/RR HH24:MI:SSXFF'),'10','481','241','300000');
Insert into ATEMPORADA.INVENTARIO (FECHA_ASIGNACION,FECHA_ULTIMA_MODIFICACION,CANTIDAD,ITEMS_ID_ITEM,DEPARTAMENTO_ID_DEPARTAMENTO,VALOR_TOTAL) values (to_timestamp('04/11/19 23:11:48,491953000','DD/MM/RR HH24:MI:SSXFF'),to_timestamp('04/11/19 23:11:48,491953000','DD/MM/RR HH24:MI:SSXFF'),'2','482','241','300000');
Insert into ATEMPORADA.INVENTARIO (FECHA_ASIGNACION,FECHA_ULTIMA_MODIFICACION,CANTIDAD,ITEMS_ID_ITEM,DEPARTAMENTO_ID_DEPARTAMENTO,VALOR_TOTAL) values (to_timestamp('04/11/19 23:12:06,911879000','DD/MM/RR HH24:MI:SSXFF'),to_timestamp('04/11/19 23:12:06,911879000','DD/MM/RR HH24:MI:SSXFF'),'1','484','241','350000');
Insert into ATEMPORADA.INVENTARIO (FECHA_ASIGNACION,FECHA_ULTIMA_MODIFICACION,CANTIDAD,ITEMS_ID_ITEM,DEPARTAMENTO_ID_DEPARTAMENTO,VALOR_TOTAL) values (to_timestamp('04/11/19 23:12:18,407117000','DD/MM/RR HH24:MI:SSXFF'),to_timestamp('04/11/19 23:12:18,407117000','DD/MM/RR HH24:MI:SSXFF'),'20','485','241','20000');
Insert into ATEMPORADA.INVENTARIO (FECHA_ASIGNACION,FECHA_ULTIMA_MODIFICACION,CANTIDAD,ITEMS_ID_ITEM,DEPARTAMENTO_ID_DEPARTAMENTO,VALOR_TOTAL) values (to_timestamp('04/11/19 23:12:29,133925000','DD/MM/RR HH24:MI:SSXFF'),to_timestamp('04/11/19 23:12:29,133925000','DD/MM/RR HH24:MI:SSXFF'),'20','486','241','10000');
Insert into ATEMPORADA.INVENTARIO (FECHA_ASIGNACION,FECHA_ULTIMA_MODIFICACION,CANTIDAD,ITEMS_ID_ITEM,DEPARTAMENTO_ID_DEPARTAMENTO,VALOR_TOTAL) values (to_timestamp('04/11/19 23:12:38,613830000','DD/MM/RR HH24:MI:SSXFF'),to_timestamp('04/11/19 23:12:38,613830000','DD/MM/RR HH24:MI:SSXFF'),'20','487','241','10000');
Insert into ATEMPORADA.INVENTARIO (FECHA_ASIGNACION,FECHA_ULTIMA_MODIFICACION,CANTIDAD,ITEMS_ID_ITEM,DEPARTAMENTO_ID_DEPARTAMENTO,VALOR_TOTAL) values (to_timestamp('05/11/19 09:32:08,147166000','DD/MM/RR HH24:MI:SSXFF'),to_timestamp('05/11/19 09:32:08,147166000','DD/MM/RR HH24:MI:SSXFF'),'8','481','242','240000');
Insert into ATEMPORADA.INVENTARIO (FECHA_ASIGNACION,FECHA_ULTIMA_MODIFICACION,CANTIDAD,ITEMS_ID_ITEM,DEPARTAMENTO_ID_DEPARTAMENTO,VALOR_TOTAL) values (to_timestamp('05/11/19 09:32:28,151530000','DD/MM/RR HH24:MI:SSXFF'),to_timestamp('05/11/19 09:32:28,151530000','DD/MM/RR HH24:MI:SSXFF'),'2','483','242','500000');
Insert into ATEMPORADA.INVENTARIO (FECHA_ASIGNACION,FECHA_ULTIMA_MODIFICACION,CANTIDAD,ITEMS_ID_ITEM,DEPARTAMENTO_ID_DEPARTAMENTO,VALOR_TOTAL) values (to_timestamp('05/11/19 09:32:37,614394000','DD/MM/RR HH24:MI:SSXFF'),to_timestamp('05/11/19 09:32:37,614394000','DD/MM/RR HH24:MI:SSXFF'),'1','484','242','350000');
Insert into ATEMPORADA.INVENTARIO (FECHA_ASIGNACION,FECHA_ULTIMA_MODIFICACION,CANTIDAD,ITEMS_ID_ITEM,DEPARTAMENTO_ID_DEPARTAMENTO,VALOR_TOTAL) values (to_timestamp('05/11/19 09:32:48,296024000','DD/MM/RR HH24:MI:SSXFF'),to_timestamp('05/11/19 09:32:48,296024000','DD/MM/RR HH24:MI:SSXFF'),'10','485','242','10000');
Insert into ATEMPORADA.INVENTARIO (FECHA_ASIGNACION,FECHA_ULTIMA_MODIFICACION,CANTIDAD,ITEMS_ID_ITEM,DEPARTAMENTO_ID_DEPARTAMENTO,VALOR_TOTAL) values (to_timestamp('05/11/19 09:32:59,529714000','DD/MM/RR HH24:MI:SSXFF'),to_timestamp('05/11/19 09:32:59,529714000','DD/MM/RR HH24:MI:SSXFF'),'25','486','242','12500');
Insert into ATEMPORADA.INVENTARIO (FECHA_ASIGNACION,FECHA_ULTIMA_MODIFICACION,CANTIDAD,ITEMS_ID_ITEM,DEPARTAMENTO_ID_DEPARTAMENTO,VALOR_TOTAL) values (to_timestamp('05/11/19 09:33:08,783956000','DD/MM/RR HH24:MI:SSXFF'),to_timestamp('05/11/19 09:33:08,783956000','DD/MM/RR HH24:MI:SSXFF'),'20','487','242','10000');
REM INSERTING into ATEMPORADA.INVOLUCRADOS
SET DEFINE OFF;
Insert into ATEMPORADA.INVOLUCRADOS (USUARIO_EMAIL,RESERVA_ID_RESERVA) values ('wilson.sebastian@hotmail.com','701');
Insert into ATEMPORADA.INVOLUCRADOS (USUARIO_EMAIL,RESERVA_ID_RESERVA) values ('wilson.sebastian@hotmail.com','721');
Insert into ATEMPORADA.INVOLUCRADOS (USUARIO_EMAIL,RESERVA_ID_RESERVA) values ('wilson.sebastian@hotmail.com','722');
Insert into ATEMPORADA.INVOLUCRADOS (USUARIO_EMAIL,RESERVA_ID_RESERVA) values ('wilson.sebastian@hotmail.com','723');
Insert into ATEMPORADA.INVOLUCRADOS (USUARIO_EMAIL,RESERVA_ID_RESERVA) values ('wilson.sebastian@hotmail.com','724');
Insert into ATEMPORADA.INVOLUCRADOS (USUARIO_EMAIL,RESERVA_ID_RESERVA) values ('wilson.sebastian@hotmail.com','681');
Insert into ATEMPORADA.INVOLUCRADOS (USUARIO_EMAIL,RESERVA_ID_RESERVA) values ('wilson.sebastian@hotmail.com','682');
Insert into ATEMPORADA.INVOLUCRADOS (USUARIO_EMAIL,RESERVA_ID_RESERVA) values ('wilson.sebastian@hotmail.com','721');
Insert into ATEMPORADA.INVOLUCRADOS (USUARIO_EMAIL,RESERVA_ID_RESERVA) values ('wilson.sebastian@hotmail.com','722');
Insert into ATEMPORADA.INVOLUCRADOS (USUARIO_EMAIL,RESERVA_ID_RESERVA) values ('wilson.sebastian@hotmail.com','741');
Insert into ATEMPORADA.INVOLUCRADOS (USUARIO_EMAIL,RESERVA_ID_RESERVA) values ('wilson.sebastian@hotmail.com','742');
Insert into ATEMPORADA.INVOLUCRADOS (USUARIO_EMAIL,RESERVA_ID_RESERVA) values ('wilson.sebastian@hotmail.com','701');
Insert into ATEMPORADA.INVOLUCRADOS (USUARIO_EMAIL,RESERVA_ID_RESERVA) values ('wilson.sebastian@hotmail.com','741');
Insert into ATEMPORADA.INVOLUCRADOS (USUARIO_EMAIL,RESERVA_ID_RESERVA) values ('wilson.sebastian@hotmail.com','742');
REM INSERTING into ATEMPORADA.ITEMS
SET DEFINE OFF;
Insert into ATEMPORADA.ITEMS (ID_ITEM,NOMBRE,VALOR) values ('481','Silla cuero','30000');
Insert into ATEMPORADA.ITEMS (ID_ITEM,NOMBRE,VALOR) values ('482','Mesa Marmol','150000');
Insert into ATEMPORADA.ITEMS (ID_ITEM,NOMBRE,VALOR) values ('483','TV 50''','250000');
Insert into ATEMPORADA.ITEMS (ID_ITEM,NOMBRE,VALOR) values ('484','Refrigerador grande','350000');
Insert into ATEMPORADA.ITEMS (ID_ITEM,NOMBRE,VALOR) values ('485','Taza','1000');
Insert into ATEMPORADA.ITEMS (ID_ITEM,NOMBRE,VALOR) values ('486','Tenedor','500');
Insert into ATEMPORADA.ITEMS (ID_ITEM,NOMBRE,VALOR) values ('487','Cuchara','500');
REM INSERTING into ATEMPORADA.LISTACARACTERISTICAS
SET DEFINE OFF;
Insert into ATEMPORADA.LISTACARACTERISTICAS (DEPARTAMENTO_ID_DEPARTAMENTO,CARACTERISTICAS_ID_CARACT) values ('241','261');
Insert into ATEMPORADA.LISTACARACTERISTICAS (DEPARTAMENTO_ID_DEPARTAMENTO,CARACTERISTICAS_ID_CARACT) values ('241','262');
Insert into ATEMPORADA.LISTACARACTERISTICAS (DEPARTAMENTO_ID_DEPARTAMENTO,CARACTERISTICAS_ID_CARACT) values ('241','263');
Insert into ATEMPORADA.LISTACARACTERISTICAS (DEPARTAMENTO_ID_DEPARTAMENTO,CARACTERISTICAS_ID_CARACT) values ('241','264');
Insert into ATEMPORADA.LISTACARACTERISTICAS (DEPARTAMENTO_ID_DEPARTAMENTO,CARACTERISTICAS_ID_CARACT) values ('241','265');
Insert into ATEMPORADA.LISTACARACTERISTICAS (DEPARTAMENTO_ID_DEPARTAMENTO,CARACTERISTICAS_ID_CARACT) values ('241','267');
Insert into ATEMPORADA.LISTACARACTERISTICAS (DEPARTAMENTO_ID_DEPARTAMENTO,CARACTERISTICAS_ID_CARACT) values ('241','268');
Insert into ATEMPORADA.LISTACARACTERISTICAS (DEPARTAMENTO_ID_DEPARTAMENTO,CARACTERISTICAS_ID_CARACT) values ('242','262');
Insert into ATEMPORADA.LISTACARACTERISTICAS (DEPARTAMENTO_ID_DEPARTAMENTO,CARACTERISTICAS_ID_CARACT) values ('242','263');
Insert into ATEMPORADA.LISTACARACTERISTICAS (DEPARTAMENTO_ID_DEPARTAMENTO,CARACTERISTICAS_ID_CARACT) values ('242','264');
Insert into ATEMPORADA.LISTACARACTERISTICAS (DEPARTAMENTO_ID_DEPARTAMENTO,CARACTERISTICAS_ID_CARACT) values ('242','265');
Insert into ATEMPORADA.LISTACARACTERISTICAS (DEPARTAMENTO_ID_DEPARTAMENTO,CARACTERISTICAS_ID_CARACT) values ('242','267');
Insert into ATEMPORADA.LISTACARACTERISTICAS (DEPARTAMENTO_ID_DEPARTAMENTO,CARACTERISTICAS_ID_CARACT) values ('242','268');
REM INSERTING into ATEMPORADA.LISTAACOMPANANTE
SET DEFINE OFF;
Insert into ATEMPORADA.LISTAACOMP (ACOMPANANTE_CEDULA,RESERVA_ID_RESERVA) values ('191207351','681');
Insert into ATEMPORADA.LISTAACOMP (ACOMPANANTE_CEDULA,RESERVA_ID_RESERVA) values ('191207351','681');
REM INSERTING into ATEMPORADA.MANTENCION
SET DEFINE OFF;
Insert into ATEMPORADA.MANTENCION (ID_MANTENCION,VALOR_TOTAL,DESCRIPCION,FECHA_INICIO,FECHA_TERMINO,MOTIVO,TIPO_MANTENCION,ENCARGADO_RUT,DEPARTAMENTO_ID_DEPARTAMENTO,ESTADO) values ('341','25000','Mantencion General',to_timestamp('07/11/19 00:00:00,000000000','DD/MM/RR HH24:MI:SSXFF'),to_timestamp('09/11/19 00:00:00,000000000','DD/MM/RR HH24:MI:SSXFF'),'Mantencion','Mantencion','191207351','241','activa');
Insert into ATEMPORADA.MANTENCION (ID_MANTENCION,VALOR_TOTAL,DESCRIPCION,FECHA_INICIO,FECHA_TERMINO,MOTIVO,TIPO_MANTENCION,ENCARGADO_RUT,DEPARTAMENTO_ID_DEPARTAMENTO,ESTADO) values ('361','12000','cualquiera',to_timestamp('22/11/19 00:00:00,000000000','DD/MM/RR HH24:MI:SSXFF'),to_timestamp('23/11/19 00:00:00,000000000','DD/MM/RR HH24:MI:SSXFF'),'CUalquiera','cualquiera','191207351','242','inactivo');
Insert into ATEMPORADA.MANTENCION (ID_MANTENCION,VALOR_TOTAL,DESCRIPCION,FECHA_INICIO,FECHA_TERMINO,MOTIVO,TIPO_MANTENCION,ENCARGADO_RUT,DEPARTAMENTO_ID_DEPARTAMENTO,ESTADO) values ('381','12000','akjsdn',to_timestamp('17/11/19 00:00:00,000000000','DD/MM/RR HH24:MI:SSXFF'),to_timestamp('18/11/19 00:00:00,000000000','DD/MM/RR HH24:MI:SSXFF'),'asd','asd','69632092','242','activa');
REM INSERTING into ATEMPORADA.MULTA
SET DEFINE OFF;
Insert into ATEMPORADA.MULTA (ID_MULTA,NOMBRE,DESCRIPCION,VALOR,ESTADO_MULTA) values ('1','Quemo tv','Se quemo al momento de mojarla','120000','pendiente');
REM INSERTING into ATEMPORADA.REGISTROINVENTARIO
SET DEFINE OFF;
REM INSERTING into ATEMPORADA.REVISION
SET DEFINE OFF;
REM INSERTING into ATEMPORADA.SERVICIOEXTRA
SET DEFINE OFF;
REM INSERTING into ATEMPORADA.TOUR
SET DEFINE OFF;
REM INSERTING into ATEMPORADA.USUARIO
SET DEFINE OFF;
Insert into ATEMPORADA.USUARIO (EMAIL,CEDULA,NOMBRE,APELLIDO,TELEFONO,ESTADO,PASSWORD,TIPO) values ('wilson.sebastian@hotmail.com','191207351','Wilson','Arévalo','98289298','activo','asd123','funcionario');
Insert into ATEMPORADA.USUARIO (EMAIL,CEDULA,NOMBRE,APELLIDO,TELEFONO,ESTADO,PASSWORD,TIPO) values ('admin@admin.cl','183613553','Favio','Ceroni','82716251','activo','asd123','admin');
Insert into ATEMPORADA.USUARIO (EMAIL,CEDULA,NOMBRE,APELLIDO,TELEFONO,ESTADO,PASSWORD,TIPO) values ('kelo@gmail.com','6963209-2','Exequiel','Paredes','93893989','activo','asd123','cliente');
Insert into ATEMPORADA.USUARIO (EMAIL,CEDULA,NOMBRE,APELLIDO,TELEFONO,ESTADO,PASSWORD,TIPO) values ('alan@gmail.com','18361355-3','Alan','Bustos','87455656','activo','asd123','cliente');
Insert into ATEMPORADA.USUARIO (EMAIL,CEDULA,NOMBRE,APELLIDO,TELEFONO,ESTADO,PASSWORD,TIPO) values ('carla@gmail.com','18361355-3','Carla','Coloma','89289298','activo','asd123','cliente');
REM INSERTING into ATEMPORADA.VEHICULO
SET DEFINE OFF;
Insert into ATEMPORADA.VEHICULO (PATENTE,MODELO,AÑO,COLOR,DISPONIBLE) values ('gapt-44','Toyota','2010','Negro','1');
Insert into ATEMPORADA.VEHICULO (PATENTE,MODELO,AÑO,COLOR,DISPONIBLE) values ('mkdt-22','Audi','2019','negro','1');
REM INSERTING into ATEMPORADA.VIAJE
SET DEFINE OFF;
--------------------------------------------------------
--  DDL for Procedure PROCE_AGREGAR_RESERVA
--------------------------------------------------------
set define off;

  CREATE OR REPLACE PROCEDURE "ATEMPORADA"."PROCE_AGREGAR_ARRIENDO" 
(p_id_reserva in NUMBER, 
p_dias_reserva in NUMBER,
p_valor_final in NUMBER,
p_checkin in TIMESTAMP,
p_checkout in TIMESTAMP,
p_total_multas in NUMBER,
p_fecha_contrato in TIMESTAMP,
p_metodo_pago in VARCHAR2,
p_departamento_id_departamento in NUMBER,
p_anticipo in NUMBER,
p_estadopago in VARCHAR2,
p_estado in VARCHAR2,
p_return OUT NUMBER)

is
v_valor NUMBER;
  BEGIN
    v_valor := SEQ_ID_RESERVA.NEXTVAL;
    INSERT INTO RESERVA values(v_valor,p_dias_reserva,p_valor_final, p_checkin,p_checkout,p_total_multas, p_fecha_contrato,
    p_metodo_pago,p_departamento_id_departamento,p_anticipo, p_estadopago,p_estado );
    p_return:= v_valor;
    COMMIT;
EXCEPTION
    WHEN DUP_VAL_ON_INDEX THEN
    p_return := 0;
    WHEN NO_DATA_FOUND THEN
    p_return := 0;
    WHEN OTHERS THEN
    p_return := 0;
END;

/
--------------------------------------------------------
--  DDL for Procedure PROCE_AGREGAR_CARACTERISTICA
--------------------------------------------------------
set define off;

  CREATE OR REPLACE PROCEDURE "ATEMPORADA"."PROCE_AGREGAR_CARACTERISTICA" 
(p_id_caracteristica in NUMBER, 
p_nombre in VARCHAR2,
p_descripcion in VARCHAR2,
p_return OUT NUMBER)
is
v_valor NUMBER;
  BEGIN
    INSERT INTO CARACTERISTICAS values(SEQ_ID_CARACTERISTICA.NEXTVAL, p_nombre, p_descripcion);
    p_return:=1;
    COMMIT;
EXCEPTION
    WHEN DUP_VAL_ON_INDEX THEN
    p_return := 0;
    WHEN NO_DATA_FOUND THEN
    p_return := 0;
    WHEN OTHERS THEN
    p_return := 0;
END;
/

--------------------------------------------------------
--  DDL for Procedure PROCE_AGREGAR_CONDUCTOR
--------------------------------------------------------
set define off;

  CREATE OR REPLACE PROCEDURE "ATEMPORADA"."PROCE_AGREGAR_CONDUCTOR" 
(p_rut in VARCHAR2, 
p_nombre in VARCHAR2,
p_apellido in VARCHAR2,
p_disponible in NUMBER,
p_email in VARCHAR2,
p_nro_contacto in NUMBER,
p_return OUT NUMBER)
is
v_valor NUMBER;
  BEGIN
    INSERT INTO CONDUCTOR values(p_rut, p_nombre, p_apellido, p_disponible, p_email, p_nro_contacto);
    p_return:=1;
    COMMIT;
EXCEPTION
    WHEN DUP_VAL_ON_INDEX THEN
    p_return := 0;
    WHEN NO_DATA_FOUND THEN
    p_return := 0;
    WHEN OTHERS THEN
    p_return := 0;
END;

/
--------------------------------------------------------
--  DDL for Procedure PROCE_AGREGAR_DEPARTAMENTO
--------------------------------------------------------
set define off;

  CREATE OR REPLACE PROCEDURE "ATEMPORADA"."PROCE_AGREGAR_DEPARTAMENTO" 
(p_direccion in VARCHAR2,
p_metros_cuadrados in NUMBER,
p_valor_arriendo_diario in NUMBER,
p_disponible in VARCHAR2,
p_zona in VARCHAR2,
p_nro_habitaciones in NUMBER,
p_nro_banios in NUMBER,
p_return OUT NUMBER)
is
v_valor NUMBER;
  BEGIN
   v_valor := SEQ_ID_DEPARTAMENTO.NEXTVAL;
    INSERT INTO DEPARTAMENTO values(v_valor, p_direccion, p_metros_cuadrados, p_valor_arriendo_diario, p_disponible, p_zona,
    p_nro_habitaciones, p_nro_banios);
    p_return:=v_valor;
    COMMIT;
EXCEPTION
    WHEN DUP_VAL_ON_INDEX THEN
    p_return := 0;
    WHEN NO_DATA_FOUND THEN
    p_return := 0;
    WHEN OTHERS THEN
    p_return := 0;
END;

/
--------------------------------------------------------
--  DDL for Procedure PROCE_AGREGAR_DETALLEMULTA
--------------------------------------------------------
set define off;

  CREATE OR REPLACE PROCEDURE "ATEMPORADA"."PROCE_AGREGAR_DETALLEMULTA" 
(p_id_dmulta in NUMBER,
p_objervaciones in VARCHAR2,
p_reserva_id_reserva in NUMBER,
p_multa_id_multa in NUMBER,
p_estadomulta in VARCHAR2,
p_return OUT NUMBER)
is
v_valor NUMBER;
  BEGIN
    INSERT INTO DETALLEMULTA values(SEQ_ID_DMULTA.NEXTVAL,p_objervaciones,p_reserva_id_reserva,p_multa_id_multa, p_estadomulta);
    p_return:=1;
    COMMIT;
EXCEPTION
    WHEN DUP_VAL_ON_INDEX THEN
    p_return := 0;
    WHEN NO_DATA_FOUND THEN
    p_return := 0;
    WHEN OTHERS THEN
    p_return := 0;
END;

/
--------------------------------------------------------
--  DDL for Procedure PROCE_AGREGAR_DETALLESERVICIOS
--------------------------------------------------------
set define off;

  CREATE OR REPLACE PROCEDURE "ATEMPORADA"."PROCE_AGREGAR_DETALLESERVICIOS" 
(p_id_detser in NUMBER,
p_precio in NUMBER, 
p_fecha in TIMESTAMP,
p_servicioextra_id_servicioex in NUMBER,
p_reserva_id_reserva in NUMBER,
p_id_tour in NUMBER,
p_viaje_id in NUMBER,
p_return OUT NUMBER)
is
v_valor NUMBER;
  BEGIN
    INSERT INTO DETALLESERVICIOS values(SEQ_ID_DETALLESERVICIO.nextval, p_precio, p_fecha, p_servicioextra_id_servicioex, p_reserva_id_reserva,p_viaje_id,p_viaje_id );
    p_return:=1;
    COMMIT;
EXCEPTION
    WHEN DUP_VAL_ON_INDEX THEN
    p_return := 0;
    WHEN NO_DATA_FOUND THEN
    p_return := 0;
    WHEN OTHERS THEN
    p_return := 0;
END;

/
--------------------------------------------------------
--  DDL for Procedure PROCE_AGREGAR_ENCARGADO
--------------------------------------------------------
set define off;

  CREATE OR REPLACE PROCEDURE "ATEMPORADA"."PROCE_AGREGAR_ENCARGADO" 
(p_rut in VARCHAR2,
p_nro_contacto in NUMBER,
p_nombre in VARCHAR2,
p_apellido in VARCHAR2,
p_email in VARCHAR2,
p_return OUT NUMBER)
is
v_valor NUMBER;
  BEGIN
    INSERT INTO ENCARGADO values(p_rut,p_nro_contacto,p_nombre,p_apellido,p_email);
    p_return:=1;
    COMMIT;
EXCEPTION
    WHEN DUP_VAL_ON_INDEX THEN
    p_return := 0;
    WHEN NO_DATA_FOUND THEN
    p_return := 0;
    WHEN OTHERS THEN
    p_return := 0;
END;

/
--------------------------------------------------------
--  DDL for Procedure PROCE_AGREGAR_FOTO
--------------------------------------------------------
set define off;

  CREATE OR REPLACE  PROCEDURE "ATEMPORADA"."PROCE_AGREGAR_FOTO" 
(p_id_foto in NUMBER, 
p_descripcion in VARCHAR2,
p_nombre in VARCHAR2,
p_departamento_id_departamento in NUMBER,
p_imagen in BLOB,

p_return OUT NUMBER)
is
v_valor NUMBER;
  BEGIN
    INSERT INTO FOTO values(SEQ_ID_FOTO.NEXTVAL, p_descripcion,p_nombre,p_departamento_id_departamento,p_imagen);
    p_return:=1;
    COMMIT;
EXCEPTION
    WHEN DUP_VAL_ON_INDEX THEN
    p_return := 0;
    WHEN NO_DATA_FOUND THEN
    p_return := 0;
    WHEN OTHERS THEN
    p_return := 0;
END;

/
--------------------------------------------------------
--  DDL for Procedure PROCE_AGREGAR_ACOMPANANTE
--------------------------------------------------------
set define off;

create or replace  PROCEDURE "PROCE_AGREGAR_LISTAHUESPEDES" 
(p_acompanante_cedula in VARCHAR2, 
p_reserva_id_reserva in NUMBER,
p_return OUT NUMBER)
is
v_valor NUMBER;
  BEGIN
    INSERT INTO LISTAACOMP values(p_acompanante_cedula, p_reserva_id_reserva);
    p_return:=1;
    COMMIT;
EXCEPTION
    WHEN DUP_VAL_ON_INDEX THEN
    p_return := 0;
    WHEN NO_DATA_FOUND THEN
    p_return := 0;
    WHEN OTHERS THEN
    p_return := 0;
END;

/
--------------------------------------------------------
--  DDL for Procedure PROCE_AGREGAR_INVENTARIO
--------------------------------------------------------
set define off;

  CREATE OR REPLACE  PROCEDURE "ATEMPORADA"."PROCE_AGREGAR_INVENTARIO" 
(p_fecha_asignacion in TIMESTAMP, 
p_ultima_modificacion in TIMESTAMP,
p_cantidad in NUMBER,
p_item_id_item in NUMBER,
p_departamento_id_departamento in NUMBER,
p_valor_total in NUMBER,
p_return OUT NUMBER)
is
v_valor NUMBER;
  BEGIN
    INSERT INTO INVENTARIO values(p_fecha_asignacion, p_ultima_modificacion,p_cantidad,p_item_id_item,
    p_departamento_id_departamento,p_valor_total);
    p_return:=1;
    COMMIT;
EXCEPTION
    WHEN DUP_VAL_ON_INDEX THEN
    p_return := 0;
    WHEN NO_DATA_FOUND THEN
    p_return := 0;
    WHEN OTHERS THEN
    p_return := 0;
END;

/
--------------------------------------------------------
--  DDL for Procedure PROCE_AGREGAR_INVOLUCRADOS
--------------------------------------------------------
set define off;

  CREATE OR REPLACE  PROCEDURE "ATEMPORADA"."PROCE_AGREGAR_INVOLUCRADOS" 
(p_usuario_email in VARCHAR2,
p_reserva_id_reserva in NUMBER,
p_return OUT NUMBER)
is
v_valor NUMBER;
  BEGIN
    INSERT INTO INVOLUCRADOS values(p_usuario_email,p_reserva_id_reserva);
    p_return:=1;
    COMMIT;
EXCEPTION
    WHEN DUP_VAL_ON_INDEX THEN
    p_return := 0;
    WHEN NO_DATA_FOUND THEN
    p_return := 0;
    WHEN OTHERS THEN
    p_return := 0;
END;

/
--------------------------------------------------------
--  DDL for Procedure PROCE_AGREGAR_ITEM
--------------------------------------------------------
set define off;

  CREATE OR REPLACE  PROCEDURE "ATEMPORADA"."PROCE_AGREGAR_ITEM" 
(p_id_item in NUMBER, 
p_nombre in VARCHAR2,
p_valor in VARCHAR2,
p_return OUT NUMBER)
is
v_valor NUMBER;
  BEGIN
    INSERT INTO ITEMS values(SEQ_ID_ITEM.NEXTVAL, p_nombre, p_valor);
    p_return:=1;
    COMMIT;
EXCEPTION
    WHEN DUP_VAL_ON_INDEX THEN
    p_return := 0;
    WHEN NO_DATA_FOUND THEN
    p_return := 0;
    WHEN OTHERS THEN
    p_return := 0;
END;

/
--------------------------------------------------------
--  DDL for Procedure PROCE_AGREGAR_LISTACARACTERISTICA
--------------------------------------------------------
set define off;

  CREATE OR REPLACE  PROCEDURE "ATEMPORADA"."PROCE_AGREGAR_LISTACARAC" 
(p_departamento_id_depto in NUMBER,
p_caracteristica_id_carac in NUMBER,
p_return OUT NUMBER)
is
v_valor NUMBER;
  BEGIN
    INSERT INTO LISTACARACTERISTICAS values(p_departamento_id_depto,p_caracteristica_id_carac);
    p_return:=1;
    COMMIT;
EXCEPTION
    WHEN DUP_VAL_ON_INDEX THEN
    p_return := 0;
    WHEN NO_DATA_FOUND THEN
    p_return := 0;
    WHEN OTHERS THEN
    p_return := 0;
END;

/
--------------------------------------------------------
--  DDL for Procedure PROCE_AGREGAR_LISTAACOMPANANTE
--------------------------------------------------------
set define off;

  CREATE OR REPLACE  PROCEDURE "ATEMPORADA"."PROCE_AGREGAR_LISTAHUESPEDES" 
(p_acompanante_cedula in VARCHAR2, 
p_reserva_id_reserva in NUMBER,
p_return OUT NUMBER)
is
v_valor NUMBER;
  BEGIN
    INSERT INTO LISTAACOMP values(p_acompanante_cedula, p_reserva_id_reserva);
    p_return:=1;
    COMMIT;
EXCEPTION
    WHEN DUP_VAL_ON_INDEX THEN
    p_return := 0;
    WHEN NO_DATA_FOUND THEN
    p_return := 0;
    WHEN OTHERS THEN
    p_return := 0;
END;

/
--------------------------------------------------------
--  DDL for Procedure PROCE_AGREGAR_MANTENCION
--------------------------------------------------------
set define off;

  CREATE OR REPLACE  PROCEDURE "ATEMPORADA"."PROCE_AGREGAR_MANTENCION" 
(p_id_mantencion in NUMBER,
p_valor_total in NUMBER,
p_descripcion in VARCHAR2,
p_fecha_inicio in TIMESTAMP,
p_fecha_termino in TIMESTAMP,
p_motivo in VARCHAR2,
p_tipo_mantencion in VARCHAR2,
p_encargado_rut in VARCHAR2,
p_departamento_id_departamento in NUMBER,
p_estado_mantencion in VARCHAR2,
p_return OUT NUMBER)
is
v_valor NUMBER;
  BEGIN
    INSERT INTO MANTENCION values(SEQ_ID_MANTENCION.NEXTVAL,p_valor_total,p_descripcion,p_fecha_inicio,p_fecha_termino,p_motivo,p_tipo_mantencion,
    p_encargado_rut,p_departamento_id_departamento, p_estado_mantencion);
    p_return:=1;
    COMMIT;
EXCEPTION
    WHEN DUP_VAL_ON_INDEX THEN
    p_return := 0;
    WHEN NO_DATA_FOUND THEN
    p_return := 0;
    WHEN OTHERS THEN
    p_return := 0;
END;

/
--------------------------------------------------------
--  DDL for Procedure PROCE_AGREGAR_MULTA
--------------------------------------------------------
set define off;

  CREATE OR REPLACE  PROCEDURE "ATEMPORADA"."PROCE_AGREGAR_MULTA" 
(p_id_multa in NUMBER,
p_nombre in VARCHAR2,
p_descripcion in VARCHAR2,
p_valor in NUMBER,
p_estado_multa in VARCHAR2,
p_return OUT NUMBER)
is
v_valor NUMBER;
  BEGIN
   v_valor := SEQ_ID_MULTA.NEXTVAL;
    INSERT INTO MULTA values(v_valor,p_nombre,p_descripcion,p_valor, p_estado_multa);
    p_return:= v_valor;
    COMMIT;
EXCEPTION
    WHEN DUP_VAL_ON_INDEX THEN
    p_return := 0;
    WHEN NO_DATA_FOUND THEN
    p_return := 0;
    WHEN OTHERS THEN
    p_return := 0;
END;

/
--------------------------------------------------------
--  DDL for Procedure PROCE_AGREGAR_REGISTROINVENTARIO
--------------------------------------------------------
set define off;

  CREATE OR REPLACE  PROCEDURE "ATEMPORADA"."PROCE_AGREGAR_REGISTROINVEN" 
(p_fecha_asignacion in TIMESTAMP, 
p_ultima_modificacion in TIMESTAMP,
p_item_id_item in NUMBER,
p_cantidad in NUMBER,
p_departamento_id_departamento in NUMBER,
p_valor_total in NUMBER,
p_return OUT NUMBER)
is
v_valor NUMBER;
  BEGIN
    INSERT INTO REGISTROINVENTARIO values(p_fecha_asignacion, p_ultima_modificacion,p_item_id_item,p_cantidad,
    p_departamento_id_departamento,p_valor_total);
    p_return:=1;
    COMMIT;
EXCEPTION
    WHEN DUP_VAL_ON_INDEX THEN
    p_return := 0;
    WHEN NO_DATA_FOUND THEN
    p_return := 0;
    WHEN OTHERS THEN
    p_return := 0;
END;

/
--------------------------------------------------------
--  DDL for Procedure PROCE_AGREGAR_REVISION
--------------------------------------------------------
set define off;

  CREATE OR REPLACE  PROCEDURE "ATEMPORADA"."PROCE_AGREGAR_REVISION" 
(p_estado in VARCHAR2, 
p_observaciones in VARCHAR2,
p_inventario_items_id_item in NUMBER,
p_inventario_depto_id_depto in NUMBER,
p_reserva_id_reserva in NUMBER,

p_return OUT NUMBER)

is

v_valor NUMBER;
  BEGIN
    INSERT INTO REVISION values(p_estado,p_observaciones,p_inventario_items_id_item ,p_inventario_depto_id_depto, p_reserva_id_reserva );
    p_return:=1;
    COMMIT;
EXCEPTION
    WHEN DUP_VAL_ON_INDEX THEN
    p_return := 0;
    WHEN NO_DATA_FOUND THEN
    p_return := 0;
    WHEN OTHERS THEN
    p_return := 0;
END;

/
--------------------------------------------------------
--  DDL for Procedure PROCE_AGREGAR_SERVICIOEXTRA
--------------------------------------------------------
set define off;

  CREATE OR REPLACE  PROCEDURE "ATEMPORADA"."PROCE_AGREGAR_SERVICIOEXTRA" 
(p_id_servicio in NUMBER,
p_nombre in VARCHAR2,
p_valor in NUMBER,
p_descripcion in VARCHAR2,
p_disponible in NUMBER,
p_return OUT NUMBER)
is
v_valor NUMBER;
  BEGIN
    INSERT INTO SERVICIOEXTRA values(SEQ_ID_SERVICIOEXTRA.NEXTVAL,p_nombre,p_valor,p_descripcion, p_disponible );
    p_return:=1;
    COMMIT;
EXCEPTION
    WHEN DUP_VAL_ON_INDEX THEN
    p_return := 0;
    WHEN NO_DATA_FOUND THEN
    p_return := 0;
    WHEN OTHERS THEN
    p_return := 0;
END;

/
--------------------------------------------------------
--  DDL for Procedure PROCE_AGREGAR_TOUR
--------------------------------------------------------
set define off;

  CREATE OR REPLACE  PROCEDURE "ATEMPORADA"."PROCE_AGREGAR_TOUR" 
(p_inicio in TIMESTAMP, 
p_termino in TIMESTAMP,
p_origen in VARCHAR2,
p_destino in VARCHAR2,
p_rut_conductor in VARCHAR2,
p_patente_vehiculo in VARCHAR2,
p_nroparticipantes in NUMBER,
p_valor in number,
p_disponible in NUMBER,
p_return OUT NUMBER)
is
v_valor NUMBER;
  BEGIN
    INSERT INTO TOUR values(SEQ_ID_TOUR.NEXTVAL,p_inicio, p_termino, p_origen, p_destino,
    p_rut_conductor, p_patente_vehiculo,p_nroparticipantes,p_valor, p_disponible);
    p_return:=1;
    COMMIT;
EXCEPTION
    WHEN DUP_VAL_ON_INDEX THEN
    p_return := 0;
    WHEN NO_DATA_FOUND THEN
    p_return := 0;
    WHEN OTHERS THEN
    p_return := 0;
END;

/
--------------------------------------------------------
--  DDL for Procedure PROCE_AGREGAR_USUARIO
--------------------------------------------------------
set define off;

  CREATE OR REPLACE  PROCEDURE "ATEMPORADA"."PROCE_AGREGAR_USUARIO" 
(p_email in VARCHAR2, 
p_cedula in VARCHAR2,
p_nombre in VARCHAR2,
p_apellido in VARCHAR2,
p_telefono in NUMBER,
p_estado in VARCHAR2,
p_password in VARCHAR2,
p_tipo in VARCHAR2,

p_return OUT NUMBER)
is
v_valor NUMBER;
  BEGIN
    INSERT INTO USUARIO values(p_email, p_cedula, p_nombre, p_apellido, p_telefono, p_estado,p_password ,p_tipo );
    p_return:=1;
    COMMIT;
EXCEPTION
    WHEN DUP_VAL_ON_INDEX THEN
    p_return := 0;
    WHEN NO_DATA_FOUND THEN
    p_return := 0;
    WHEN OTHERS THEN
    p_return := 0;
END;

/
--------------------------------------------------------
--  DDL for Procedure PROCE_AGREGAR_VEHICULO
--------------------------------------------------------
set define off;

  CREATE OR REPLACE  PROCEDURE "ATEMPORADA"."PROCE_AGREGAR_VEHICULO" 
(p_patente in VARCHAR2, 
p_modelo in VARCHAR2,
p_año in NUMBER,
p_color in VARCHAR2,
p_disponible in NUMBER,
p_return OUT NUMBER)
is
v_valor NUMBER;
  BEGIN
    INSERT INTO VEHICULO values(p_patente, p_modelo, p_año, p_color, p_disponible);
    p_return:=1;
    COMMIT;
EXCEPTION
    WHEN DUP_VAL_ON_INDEX THEN
    p_return := 0;
    WHEN NO_DATA_FOUND THEN
    p_return := 0;
    WHEN OTHERS THEN
    p_return := 0;
END;

/
--------------------------------------------------------
--  DDL for Procedure PROCE_AGREGAR_VIAJE
--------------------------------------------------------
set define off;

  CREATE OR REPLACE  PROCEDURE "ATEMPORADA"."PROCE_AGREGAR_VIAJE" 
(p_id_viaje in NUMBER,
p_origen in VARCHAR2,
p_destino in VARCHAR2,
p_comienzo in TIMESTAMP,
p_precio in NUMBER,
p_conductor_rut in VARCHAR2,
p_vehiculo_patente in VARCHAR2,
p_return OUT NUMBER)
is
v_valor NUMBER;
  BEGIN
    INSERT INTO VIAJE values(SEQ_ID_VIAJE.NEXTVAL,p_origen,p_destino,p_comienzo,p_precio,
    p_conductor_rut,p_vehiculo_patente);
    p_return:=1;
    COMMIT;
EXCEPTION
    WHEN DUP_VAL_ON_INDEX THEN
    p_return := 0;
    WHEN NO_DATA_FOUND THEN
    p_return := 0;
    WHEN OTHERS THEN
    p_return := 0;
END;

/
--------------------------------------------------------
--  DDL for Procedure PROCE_ELIMINAR_CARACTERISTICA
--------------------------------------------------------
set define off;

  CREATE OR REPLACE  PROCEDURE "ATEMPORADA"."PROCE_ELIMINAR_CARACTERISTICA" 
(p_id_caracteristica in VARCHAR2,
p_return OUT NUMBER)
is
v_valor NUMBER; 
  BEGIN
    DELETE FROM CARACTERISTICAS
    WHERE ID_CARACTERISTICA = p_id_caracteristica;
    p_return:=1;
    COMMIT;
EXCEPTION
    WHEN DUP_VAL_ON_INDEX THEN
    p_return := 0;
    WHEN NO_DATA_FOUND THEN
    p_return := 0;
    WHEN OTHERS THEN
    p_return := 0;
END;

/
--------------------------------------------------------
--  DDL for Procedure PROCE_ELIMINAR_FOTO
--------------------------------------------------------
set define off;

  CREATE OR REPLACE  PROCEDURE "ATEMPORADA"."PROCE_ELIMINAR_FOTO" 
(p_id_foto in VARCHAR2,
p_return OUT NUMBER)
is
v_valor NUMBER; 
  BEGIN
    DELETE FROM FOTO
    WHERE ID_FOTO = p_id_foto;
    p_return:=1;
    COMMIT;
EXCEPTION
    WHEN DUP_VAL_ON_INDEX THEN
    p_return := 0;
    WHEN NO_DATA_FOUND THEN
    p_return := 0;
    WHEN OTHERS THEN
    p_return := 0;
END;

/
--------------------------------------------------------
--  DDL for Procedure PROCE_ELIMINAR_ACOMPANANTE
--------------------------------------------------------
set define off;

  CREATE OR REPLACE  PROCEDURE "ATEMPORADA"."PROCE_ELIMINAR_HUESPED" 
(p_acompanante_cedula in VARCHAR2,
p_return OUT NUMBER)
is
v_valor NUMBER; 
  BEGIN
    DELETE FROM ACOMPANANTE
    WHERE CEDULA = p_acompanante_cedula;
    p_return:=1;
    COMMIT;
EXCEPTION
    WHEN DUP_VAL_ON_INDEX THEN
    p_return := 0;
    WHEN NO_DATA_FOUND THEN
    p_return := 0;
    WHEN OTHERS THEN
    p_return := 0;
END;

/
--------------------------------------------------------
--  DDL for Procedure PROCE_ELIMINAR_INVENTARIO
--------------------------------------------------------
set define off;

  CREATE OR REPLACE  PROCEDURE "ATEMPORADA"."PROCE_ELIMINAR_INVENTARIO" 
(p_departamento_id_departamento in NUMBER,
p_items_id_items in NUMBER,
p_return OUT NUMBER)
is
v_valor NUMBER; 
  BEGIN
    DELETE FROM INVENTARIO
    WHERE p_departamento_id_departamento = DEPARTAMENTO_ID_DEPARTAMENTO
    AND p_items_id_items = ITEMS_ID_ITEM;
    p_return:=1;
    COMMIT;
EXCEPTION
    WHEN DUP_VAL_ON_INDEX THEN
    p_return := 0;
    WHEN NO_DATA_FOUND THEN
    p_return := 0;
    WHEN OTHERS THEN
    p_return := 0;
END;

/
--------------------------------------------------------
--  DDL for Procedure PROCE_ELIMINAR_INVOLUCRADOFUNCIONARIO
--------------------------------------------------------
set define off;

  CREATE OR REPLACE  PROCEDURE "ATEMPORADA"."PROCE_ELIMINAR_INVOLUCRADOFUN" 
(p_id_reserva in NUMBER,
p_correo in VARCHAR2,
p_return OUT NUMBER)
is
v_valor NUMBER;
  BEGIN
    DELETE FROM INVOLUCRADOS
    WHERE RESERVA_ID_RESERVA = p_id_reserva AND
    USUARIO_EMAIL = p_correo;
    p_return:=1;
    COMMIT;
EXCEPTION
    WHEN DUP_VAL_ON_INDEX THEN
    p_return := 0;
    WHEN NO_DATA_FOUND THEN
    p_return := 0;
    WHEN OTHERS THEN
    p_return := 0;
END;

/
--------------------------------------------------------
--  DDL for Procedure PROCE_ELIMINAR_ITEMS
--------------------------------------------------------
set define off;

  CREATE OR REPLACE  PROCEDURE "ATEMPORADA"."PROCE_ELIMINAR_ITEMS" 
(p_id_item in VARCHAR2,
p_return OUT NUMBER)
is
v_valor NUMBER; 
  BEGIN
    DELETE FROM ITEMS
    WHERE ID_ITEM = p_id_item;
    p_return:=1;
    COMMIT;
EXCEPTION
    WHEN DUP_VAL_ON_INDEX THEN
    p_return := 0;
    WHEN NO_DATA_FOUND THEN
    p_return := 0;
    WHEN OTHERS THEN
    p_return := 0;
END;

/
--------------------------------------------------------
--  DDL for Procedure PROCE_ELIMINAR_LISTACARACTERISTICA
--------------------------------------------------------
set define off;

  CREATE OR REPLACE  PROCEDURE "ATEMPORADA"."PROCE_ELIMINAR_LISTACARA" 
(p_departamento_id_depart in NUMBER,
p_caracteristica_id_caract in NUMBER,
p_return OUT NUMBER)
is
v_valor NUMBER;
  BEGIN
    DELETE FROM LISTACARACTERISTICAS
    WHERE DEPARTAMENTO_ID_DEPARTAMENTO = p_departamento_id_depart AND
    CARACTERISTICAS_ID_CARACT = p_caracteristica_id_caract;
    p_return:=1;
    COMMIT;
EXCEPTION
    WHEN DUP_VAL_ON_INDEX THEN
    p_return := 0;
    WHEN NO_DATA_FOUND THEN
    p_return := 0;
    WHEN OTHERS THEN
    p_return := 0;
END;

/
--------------------------------------------------------
--  DDL for Procedure PROCE_ELIMINAR_LISTAACOMP
--------------------------------------------------------
set define off;

  CREATE OR REPLACE  PROCEDURE "ATEMPORADA"."PROCE_ELIMINAR_LISTAHUESPED" 
(p_acompanante_cedula in VARCHAR2,
p_reserva_id_reserva in NUMBER,
p_return OUT NUMBER)
is
v_valor NUMBER;
  BEGIN
    DELETE FROM LISTAACOMP
    WHERE ACOMPANANTE_CEDULA = p_acompanante_cedula AND
    RESERVA_ID_RESERVA = p_reserva_id_reserva;
    p_return:=1;
    COMMIT;
EXCEPTION
    WHEN DUP_VAL_ON_INDEX THEN
    p_return := 0;
    WHEN NO_DATA_FOUND THEN
    p_return := 0;
    WHEN OTHERS THEN
    p_return := 0;
END;

/
--------------------------------------------------------
--  DDL for Procedure PROCE_ELIMINAR_VIAJE
--------------------------------------------------------
set define off;

  CREATE OR REPLACE  PROCEDURE "ATEMPORADA"."PROCE_ELIMINAR_VIAJE" 
(p_id_viaje in NUMBER,
p_return OUT NUMBER)
is
v_valor NUMBER;
  BEGIN
    DELETE FROM VIAJE
    WHERE ID_VIAJE = p_id_viaje;
    p_return:=1;
    COMMIT;
EXCEPTION
    WHEN DUP_VAL_ON_INDEX THEN
    p_return := 0;
    WHEN NO_DATA_FOUND THEN
    p_return := 0;
    WHEN OTHERS THEN
    p_return := 0;
END;

/
--------------------------------------------------------
--  DDL for Procedure PROCE_MODIFICAR_RESERVA
--------------------------------------------------------
set define off;

create or replace  PROCEDURE "PROCE_MODIFICAR_ARRIENDO" 
(p_id_reserva in NUMBER, 
p_dias_reserva in NUMBER,
p_valor_final in NUMBER,
p_checkin in TIMESTAMP,
p_checkout in TIMESTAMP,
p_total_multas in NUMBER,
p_fecha_contrato in TIMESTAMP,
p_metodo_pago in VARCHAR2,
p_departamento_id_departamento in NUMBER,
p_anticipo in NUMBER,
p_estadopago in VARCHAR2,
p_estado in VARCHAR2,
p_return OUT NUMBER)
IS

BEGIN
        UPDATE RESERVA
        SET 
        DIAS_RESERVA = p_dias_reserva,
        VALOR_FINAL =p_valor_final,
        CHECKIN =p_checkin,
        CHECKOUT =p_checkout,
        TOTAL_MULTAS =p_total_multas,
        FECHA_CONTRATO =p_fecha_contrato,
        METODO_PAGO =p_metodo_pago,
        DEPARTAMENTO_ID_DEPARTAMENTO =p_departamento_id_departamento,
        ANTICIPO =p_anticipo,
        ESTADODEPAGO =p_estadopago,
        ESTADO =p_estado

        WHERE ID_RESERVA = p_id_reserva;

        p_return := 1;
        COMMIT;
EXCEPTION
    WHEN DUP_VAL_ON_INDEX THEN
    p_return := 0;
    WHEN NO_DATA_FOUND THEN
    p_return := 0;
    WHEN OTHERS THEN
    p_return := 0;
END;

/
--------------------------------------------------------
--  DDL for Procedure PROCE_MODIFICAR_CARACTERISTICA
--------------------------------------------------------
set define off;

  CREATE OR REPLACE  PROCEDURE "ATEMPORADA"."PROCE_MODIFICAR_CARACTERISTICA" 
(p_id_caracteristica in NUMBER, 
p_nombre in VARCHAR2,
p_descripcion in VARCHAR2,
p_return OUT NUMBER)  
IS

BEGIN
        UPDATE CARACTERISTICAS
        SET 
        NOMBRE = p_nombre,
        DESCRIPCION = p_descripcion
        WHERE ID_CARACTERISTICA = p_id_caracteristica;

        p_return := 1;
        COMMIT;
EXCEPTION
    WHEN DUP_VAL_ON_INDEX THEN
    p_return := 0;
    WHEN NO_DATA_FOUND THEN
    p_return := 0;
    WHEN OTHERS THEN
    p_return := 0;
END;

/
--------------------------------------------------------
--  DDL for Procedure PROCE_MODIFICAR_CONDUCTOR
--------------------------------------------------------
set define off;

  CREATE OR REPLACE  PROCEDURE "ATEMPORADA"."PROCE_MODIFICAR_CONDUCTOR" 
(p_rut in VARCHAR2, 
p_nombre in VARCHAR2,
p_apellido in VARCHAR2,
p_disponible in NUMBER,
p_email in VARCHAR2,
p_nro_contacto in NUMBER,
p_return OUT NUMBER)  
IS

BEGIN
        UPDATE CONDUCTOR
        SET NOMBRE = p_nombre,
        APELLIDO = p_apellido,
        DISPONIBLE = p_disponible,
        EMAIL = p_email,
        NRO_CONTACTO = p_nro_contacto
        WHERE RUT = p_rut;

        p_return := 1;
        COMMIT;
EXCEPTION
    WHEN DUP_VAL_ON_INDEX THEN
    p_return := 0;
    WHEN NO_DATA_FOUND THEN
    p_return := 0;
    WHEN OTHERS THEN
    p_return := 0;
END;

/
--------------------------------------------------------
--  DDL for Procedure PROCE_MODIFICAR_DEPARTAMENTO
--------------------------------------------------------
set define off;

  CREATE OR REPLACE  PROCEDURE "ATEMPORADA"."PROCE_MODIFICAR_DEPARTAMENTO" 
(p_id_departamento in NUMBER, 
p_direccion in VARCHAR2,
p_metros_cuadrados in NUMBER,
p_valor_arriendo_diario in VARCHAR2,
p_disponible in NUMBER,
p_zona in VARCHAR2,
p_nro_habitaciones in VARCHAR2,
p_nro_banios in VARCHAR2,
p_return OUT NUMBER)  
IS

BEGIN
        UPDATE DEPARTAMENTO
        SET 
        DIRECCION = p_direccion,
        METROS_CUADRADOS = p_metros_cuadrados,
        VALOR_ARRIENDO_DIARIO = p_valor_arriendo_diario,
        DISPONBILE = p_disponible,
        ZONA = p_zona,
        NRO_HABITACIONES = p_nro_habitaciones,
        NRO_BANIOS = p_nro_banios
        WHERE ID_DEPARTAMENTO = p_id_departamento;

        p_return := 1;
        COMMIT;
EXCEPTION
    WHEN DUP_VAL_ON_INDEX THEN
    p_return := 0;
    WHEN NO_DATA_FOUND THEN
    p_return := 0;
    WHEN OTHERS THEN
    p_return := 0;
END;

/
--------------------------------------------------------
--  DDL for Procedure PROCE_MODIFICAR_ENCARGADO
--------------------------------------------------------
set define off;

  CREATE OR REPLACE  PROCEDURE "ATEMPORADA"."PROCE_MODIFICAR_ENCARGADO" 
(p_rut in VARCHAR2,
p_nro_contacto in NUMBER,
p_nombre in VARCHAR2,
p_apellido in VARCHAR2,
p_email in VARCHAR2,
p_return OUT NUMBER)  
IS

BEGIN
        UPDATE ENCARGADO
        SET 
        NRO_CONTACTO = p_nro_contacto,
        NOMBRE = p_nombre,
        APELLIDO = p_apellido,
        EMAIL = p_email
        WHERE RUT = p_rut;

        p_return := 1;
        COMMIT;
EXCEPTION
    WHEN DUP_VAL_ON_INDEX THEN
    p_return := 0;
    WHEN NO_DATA_FOUND THEN
    p_return := 0;
    WHEN OTHERS THEN
    p_return := 0;
END;

/
--------------------------------------------------------
--  DDL for Procedure PROCE_MODIFICAR_ACOMPANANTE
--------------------------------------------------------
set define off;

  CREATE OR REPLACE  PROCEDURE "ATEMPORADA"."PROCE_MODIFICAR_HUESPED" 
(p_cedula in VARCHAR2, 
p_nombre in VARCHAR2,
p_apellido in VARCHAR2,
p_telefono in NUMBER,
p_return OUT NUMBER)  
IS

BEGIN
        UPDATE ACOMPANANTE
        SET NOMBRE = p_nombre,
        APELLIDO = p_apellido,
        TELEFONO = p_telefono
        WHERE CEDULA = p_cedula;

        p_return := 1;
        COMMIT;
EXCEPTION
    WHEN DUP_VAL_ON_INDEX THEN
    p_return := 0;
    WHEN NO_DATA_FOUND THEN
    p_return := 0;
    WHEN OTHERS THEN
    p_return := 0;
END;

/
--------------------------------------------------------
--  DDL for Procedure PROCE_MODIFICAR_INVENTARIO
--------------------------------------------------------
set define off;

  CREATE OR REPLACE  PROCEDURE "ATEMPORADA"."PROCE_MODIFICAR_INVENTARIO" 
(p_fecha_asignacion in TIMESTAMP, 
p_fecha_ultima_moficacion in TIMESTAMP,
p_cantidad in NUMBER,
p_items_id_items in NUMBER,
p_departamento_id_departamento in NUMBER,
p_valor_total in NUMBER,
p_return OUT NUMBER)  
IS

BEGIN
        UPDATE INVENTARIO
        SET 
        FECHA_ASIGNACION = p_fecha_asignacion,
        FECHA_ULTIMA_MODIFICACION = p_fecha_ultima_moficacion,
        CANTIDAD = p_cantidad,
        ITEMS_ID_ITEM = p_items_id_items,
        DEPARTAMENTO_ID_DEPARTAMENTO = p_departamento_id_departamento,
        VALOR_TOTAL = p_valor_total
        WHERE DEPARTAMENTO_ID_DEPARTAMENTO = p_departamento_id_departamento
        and ITEMS_ID_ITEM = p_items_id_items;

        p_return := 1;
        COMMIT;
EXCEPTION
    WHEN DUP_VAL_ON_INDEX THEN
    p_return := 0;
    WHEN NO_DATA_FOUND THEN
    p_return := 0;
    WHEN OTHERS THEN
    p_return := 0;
END;

/
--------------------------------------------------------
--  DDL for Procedure PROCE_MODIFICAR_MANTENCION
--------------------------------------------------------
set define off;

  CREATE OR REPLACE  PROCEDURE "ATEMPORADA"."PROCE_MODIFICAR_MANTENCION" 
(p_id_mantencion in NUMBER, 
p_valor_total in NUMBER,
p_descripcion in VARCHAR2,
p_fecha_inicio in TIMESTAMP,
p_fecha_termino in TIMESTAMP,
p_motivo in VARCHAR2,
p_tipo_mantencion in VARCHAR2,
p_encargado_rut in VARCHAR2,
p_departamento_id in NUMBER,
p_estado_mantencion in VARCHAR2,
p_return OUT NUMBER)  
IS

BEGIN
        UPDATE MANTENCION
        SET 
        VALOR_TOTAL = p_valor_total,
        DESCRIPCION = p_descripcion,
        FECHA_INICIO = p_fecha_inicio,
        FECHA_TERMINO = p_fecha_termino,
        MOTIVO=p_motivo,
        TIPO_MANTENCION = p_tipo_mantencion,
        ENCARGADO_RUT = p_encargado_rut,
        DEPARTAMENTO_ID_DEPARTAMENTO = p_departamento_id,
        ESTADO = p_estado_mantencion
        WHERE ID_MANTENCION = p_id_mantencion;

        p_return := 1;
        COMMIT;
EXCEPTION
    WHEN DUP_VAL_ON_INDEX THEN
    p_return := 0;
    WHEN NO_DATA_FOUND THEN
    p_return := 0;
    WHEN OTHERS THEN
    p_return := 0;
END;

/
--------------------------------------------------------
--  DDL for Procedure PROCE_MODIFICAR_MULTA
--------------------------------------------------------
set define off;

  CREATE OR REPLACE  PROCEDURE "ATEMPORADA"."PROCE_MODIFICAR_MULTA" 
(p_id_multa in NUMBER, 
p_nombre in VARCHAR2,
p_descripcion in VARCHAR2,
p_valor in NUMBER,
p_estado_multa in VARCHAR2,
p_return OUT NUMBER)  
IS

BEGIN
        UPDATE MULTA
        SET 
     
        NOMBRE = p_nombre,
        DESCRIPCION = p_descripcion,
        VALOR = p_valor,
        ESTADO_MULTA=p_estado_multa
        
        WHERE ID_MULTA = p_id_multa;

        p_return := 1;
        COMMIT;
EXCEPTION
    WHEN DUP_VAL_ON_INDEX THEN
    p_return := 0;
    WHEN NO_DATA_FOUND THEN
    p_return := 0;
    WHEN OTHERS THEN
    p_return := 0;
END;

/
--------------------------------------------------------
--  DDL for Procedure PROCE_MODIFICAR_REVISION
--------------------------------------------------------
set define off;

  CREATE OR REPLACE  PROCEDURE "ATEMPORADA"."PROCE_MODIFICAR_REVISION" 
(p_estado in VARCHAR2, 
p_observaciones in VARCHAR2,
p_inventario_items_id_item in NUMBER,
p_inventario_depto_id_depto in NUMBER,
p_reserva_id_reserva in NUMBER,

p_return OUT NUMBER)
 
IS

BEGIN
        UPDATE REVISION
        SET ESTADO = p_estado,
        OBSERVACIONES = p_observaciones,
        INVENTARIO_ITEMS_ID_ITEM = p_inventario_items_id_item,
        INVENTARIO_DEPTO_ID_DEPTO = p_inventario_depto_id_depto,
        RESERVA_ID_RESERVA = p_reserva_id_reserva
        WHERE INVENTARIO_ITEMS_ID_ITEM = p_inventario_items_id_item
        AND INVENTARIO_DEPTO_ID_DEPTO = p_inventario_depto_id_depto
        AND RESERVA_ID_RESERVA = p_reserva_id_reserva;

        p_return := 1;
        COMMIT;
EXCEPTION
    WHEN DUP_VAL_ON_INDEX THEN
    p_return := 0;
    WHEN NO_DATA_FOUND THEN
    p_return := 0;
    WHEN OTHERS THEN
    p_return := 0;
END;

/
--------------------------------------------------------
--  DDL for Procedure PROCE_MODIFICAR_SERVICIOEXTRA
--------------------------------------------------------
set define off;

  CREATE OR REPLACE  PROCEDURE "ATEMPORADA"."PROCE_MODIFICAR_SERVICIOEXTRA" 
(p_id_servicio in NUMBER, 
p_nombre in VARCHAR2,
p_valor in NUMBER,
p_descripcion in VARCHAR2,
p_disponible in NUMBER,
p_return OUT NUMBER)  
IS

BEGIN
        UPDATE SERVICIOEXTRA
        SET 
        
        NOMBRE_SERVICIO = p_nombre,
        VALOR_SERVICIO = p_valor,
        DESCRIPCION = p_descripcion,
        DISPONIBLE = p_disponible
        WHERE ID_SERVICIO = p_id_servicio;

        p_return := 1;
        COMMIT;
EXCEPTION
    WHEN DUP_VAL_ON_INDEX THEN
    p_return := 0;
    WHEN NO_DATA_FOUND THEN
    p_return := 0;
    WHEN OTHERS THEN
    p_return := 0;
END;

/
--------------------------------------------------------
--  DDL for Procedure PROCE_MODIFICAR_USUARIO
--------------------------------------------------------
set define off;

  CREATE OR REPLACE  PROCEDURE "ATEMPORADA"."PROCE_MODIFICAR_USUARIO" 
(p_email in VARCHAR2, 
p_cedula in VARCHAR2,
p_nombre in VARCHAR2,
p_apellido in VARCHAR2,
p_telefono in NUMBER,
p_estado in VARCHAR2,
p_tipo in VARCHAR2,
p_password in VARCHAR2,
p_return OUT NUMBER)  
IS

BEGIN
        UPDATE USUARIO
        SET EMAIL = p_email,
        CEDULA = p_cedula,
        NOMBRE = p_nombre,
        APELLIDO = p_apellido,
        TELEFONO = p_telefono,
        ESTADO = p_estado,
        TIPO = p_tipo,
        PASSWORD = p_password
        WHERE EMAIL = p_email;

        p_return := 1;
        COMMIT;
EXCEPTION
    WHEN DUP_VAL_ON_INDEX THEN
    p_return := 0;
    WHEN NO_DATA_FOUND THEN
    p_return := 0;
    WHEN OTHERS THEN
    p_return := 0;
END;

/
--------------------------------------------------------
--  DDL for Procedure PROCE_MODIFICAR_VEHICULO
--------------------------------------------------------
set define off;

  CREATE OR REPLACE  PROCEDURE "ATEMPORADA"."PROCE_MODIFICAR_VEHICULO" 
(p_patente in VARCHAR2, 
p_modelo in VARCHAR2,
p_año in NUMBER,
p_color in VARCHAR2,
p_disponible in NUMBER,
p_return OUT NUMBER)  
IS

BEGIN
        UPDATE VEHICULO
        SET 
        MODELO = p_modelo,
        AÑO = p_año,
        COLOR = p_color,
        DISPONIBLE = p_disponible
        WHERE PATENTE = p_patente;

        p_return := 1;
        COMMIT;
EXCEPTION
    WHEN DUP_VAL_ON_INDEX THEN
    p_return := 0;
    WHEN NO_DATA_FOUND THEN
    p_return := 0;
    WHEN OTHERS THEN
    p_return := 0;
END;

/
--------------------------------------------------------
--  DDL for Procedure PROCE_MODIFICAR_VIAJE
--------------------------------------------------------
set define off;

  CREATE OR REPLACE  PROCEDURE "ATEMPORADA"."PROCE_MODIFICAR_VIAJE" 
(p_id_viaje in NUMBER, 
p_origen in VARCHAR2,
p_destino in VARCHAR2,
p_comienzo in TIMESTAMP,
p_precio in NUMBER,
p_conductor_rut in VARCHAR2,
p_vehiculo_patente in VARCHAR2,
p_return OUT NUMBER)  
IS

BEGIN
        UPDATE VIAJE
        SET 
        ORIGEN = p_origen,
        DESTINO = p_destino,
        COMIENZO = p_comienzo,
        PRECIO =p_precio,
        CONDUCTOR_RUT = p_conductor_rut,
        VEHICULO_PATENTE = p_vehiculo_patente
        WHERE ID_VIAJE = p_id_viaje;

        p_return := 1;
        COMMIT;
EXCEPTION
    WHEN DUP_VAL_ON_INDEX THEN
    p_return := 0;
    WHEN NO_DATA_FOUND THEN
    p_return := 0;
    WHEN OTHERS THEN
    p_return := 0;
END;

/
--------------------------------------------------------
--  DDL for Procedure VALIDARUSUARIO
--------------------------------------------------------
set define off;

  CREATE OR REPLACE  PROCEDURE "ATEMPORADA"."VALIDARUSUARIO" (p_email in VARCHAR2, p_passw in VARCHAR2, p_result out NUMBER)
as
  BEGIN
    SELECT COUNT(*) INTO p_result
    FROM USUARIO WHERE email=p_email AND (password=p_passw) AND tipo!='Cliente';
  END;


/